<?xml version="1.0" encoding="UTF-8"?>
<gpx xmlns:gpxdata="http://www.cluetrust.com/XML/GPXDATA/1/0" xmlns:xsi="http://www.w3.org/2001/XMLSchema-instance" xmlns="http://www.topografix.com/GPX/1/1" version="1.1" creator="http://ridewithgps.com/" xsi:schemaLocation="http://www.topografix.com/GPX/1/1 http://www.topografix.com/GPX/1/1/gpx.xsd http://www.cluetrust.com/XML/GPXDATA/1/0 http://www.cluetrust.com/Schemas/gpxdata10.xsd">
  <metadata>
    <name>100km Dodentocht 2026 - 57e editie kopie</name>
    <link href="https://ridewithgps.com/routes/53727718">
      <text>100km Dodentocht 2026 - 57e editie kopie</text>
    </link>
    <time>2026-01-14T14:37:16Z</time>
  </metadata>
  <trk>
    <name>100km Dodentocht 2026 - 57e editie kopie</name>
    <trkseg>
      <trkpt lat="51.08951" lon="4.24219">
        <ele>2.7</ele>
      </trkpt>
      <trkpt lat="51.08945" lon="4.24244">
        <ele>2.7</ele>
      </trkpt>
      <trkpt lat="51.08936" lon="4.24273">
        <ele>2.3</ele>
      </trkpt>
      <trkpt lat="51.08908" lon="4.24338">
        <ele>1.3</ele>
      </trkpt>
      <trkpt lat="51.08888" lon="4.24386">
        <ele>2.0</ele>
      </trkpt>
      <trkpt lat="51.08884" lon="4.24406">
        <ele>2.2</ele>
      </trkpt>
      <trkpt lat="51.08882" lon="4.24424">
        <ele>2.3</ele>
      </trkpt>
      <trkpt lat="51.08885" lon="4.24506">
        <ele>2.4</ele>
      </trkpt>
      <trkpt lat="51.0889" lon="4.24506">
        <ele>2.3</ele>
      </trkpt>
      <trkpt lat="51.0889" lon="4.24521">
        <ele>2.2</ele>
      </trkpt>
      <trkpt lat="51.08887" lon="4.24537">
        <ele>2.2</ele>
      </trkpt>
      <trkpt lat="51.08885" lon="4.24552">
        <ele>2.1</ele>
      </trkpt>
      <trkpt lat="51.08887" lon="4.24581">
        <ele>2.0</ele>
      </trkpt>
      <trkpt lat="51.08895" lon="4.24611">
        <ele>1.6</ele>
      </trkpt>
      <trkpt lat="51.08901" lon="4.24622">
        <ele>1.4</ele>
      </trkpt>
      <trkpt lat="51.08908" lon="4.2463">
        <ele>1.4</ele>
      </trkpt>
      <trkpt lat="51.08918" lon="4.24635">
        <ele>1.4</ele>
      </trkpt>
      <trkpt lat="51.08933" lon="4.24635">
        <ele>1.8</ele>
      </trkpt>
      <trkpt lat="51.08949" lon="4.2463">
        <ele>2.2</ele>
      </trkpt>
      <trkpt lat="51.08968" lon="4.24747">
        <ele>2.2</ele>
      </trkpt>
      <trkpt lat="51.08968" lon="4.24758">
        <ele>2.3</ele>
      </trkpt>
      <trkpt lat="51.08967" lon="4.2481">
        <ele>2.5</ele>
      </trkpt>
      <trkpt lat="51.08968" lon="4.24829">
        <ele>2.6</ele>
      </trkpt>
      <trkpt lat="51.08967" lon="4.24833">
        <ele>2.6</ele>
      </trkpt>
      <trkpt lat="51.08968" lon="4.24838">
        <ele>2.6</ele>
      </trkpt>
      <trkpt lat="51.08982" lon="4.24921">
        <ele>2.7</ele>
      </trkpt>
      <trkpt lat="51.08984" lon="4.24941">
        <ele>2.6</ele>
      </trkpt>
      <trkpt lat="51.08941" lon="4.24945">
        <ele>2.2</ele>
      </trkpt>
      <trkpt lat="51.08888" lon="4.24958">
        <ele>2.3</ele>
      </trkpt>
      <trkpt lat="51.08836" lon="4.24972">
        <ele>3.3</ele>
      </trkpt>
      <trkpt lat="51.08836" lon="4.24972">
        <ele>3.3</ele>
      </trkpt>
      <trkpt lat="51.0879" lon="4.24984">
        <ele>2.7</ele>
      </trkpt>
      <trkpt lat="51.08745" lon="4.24996">
        <ele>2.0</ele>
      </trkpt>
      <trkpt lat="51.08713" lon="4.25002">
        <ele>2.4</ele>
      </trkpt>
      <trkpt lat="51.08664" lon="4.24994">
        <ele>2.9</ele>
      </trkpt>
      <trkpt lat="51.08615" lon="4.24986">
        <ele>3.0</ele>
      </trkpt>
      <trkpt lat="51.08625" lon="4.25106">
        <ele>3.1</ele>
      </trkpt>
      <trkpt lat="51.08635" lon="4.25226">
        <ele>3.4</ele>
      </trkpt>
      <trkpt lat="51.08635" lon="4.25226">
        <ele>3.4</ele>
      </trkpt>
      <trkpt lat="51.08635" lon="4.25226">
        <ele>3.4</ele>
      </trkpt>
      <trkpt lat="51.08635" lon="4.25226">
        <ele>3.4</ele>
      </trkpt>
      <trkpt lat="51.08579" lon="4.25217">
        <ele>3.9</ele>
      </trkpt>
      <trkpt lat="51.08523" lon="4.2522">
        <ele>3.3</ele>
      </trkpt>
      <trkpt lat="51.08509" lon="4.25218">
        <ele>3.1</ele>
      </trkpt>
      <trkpt lat="51.08487" lon="4.25208">
        <ele>3.1</ele>
      </trkpt>
      <trkpt lat="51.08431" lon="4.25178">
        <ele>3.7</ele>
      </trkpt>
      <trkpt lat="51.08411" lon="4.25159">
        <ele>3.9</ele>
      </trkpt>
      <trkpt lat="51.08347" lon="4.25089">
        <ele>2.3</ele>
      </trkpt>
      <trkpt lat="51.08283" lon="4.25019">
        <ele>2.0</ele>
      </trkpt>
      <trkpt lat="51.0826" lon="4.24997">
        <ele>2.0</ele>
      </trkpt>
      <trkpt lat="51.08204" lon="4.24949">
        <ele>1.5</ele>
      </trkpt>
      <trkpt lat="51.08149" lon="4.24901">
        <ele>2.0</ele>
      </trkpt>
      <trkpt lat="51.0814" lon="4.2489">
        <ele>2.0</ele>
      </trkpt>
      <trkpt lat="51.08099" lon="4.24819">
        <ele>2.2</ele>
      </trkpt>
      <trkpt lat="51.081" lon="4.24815">
        <ele>2.2</ele>
      </trkpt>
      <trkpt lat="51.081" lon="4.24815">
        <ele>2.2</ele>
      </trkpt>
      <trkpt lat="51.0813" lon="4.24737">
        <ele>3.1</ele>
      </trkpt>
      <trkpt lat="51.08149" lon="4.2467">
        <ele>3.6</ele>
      </trkpt>
      <trkpt lat="51.08152" lon="4.24651">
        <ele>3.5</ele>
      </trkpt>
      <trkpt lat="51.08153" lon="4.24632">
        <ele>3.3</ele>
      </trkpt>
      <trkpt lat="51.0814" lon="4.24555">
        <ele>2.1</ele>
      </trkpt>
      <trkpt lat="51.08128" lon="4.24477">
        <ele>1.7</ele>
      </trkpt>
      <trkpt lat="51.08106" lon="4.24339">
        <ele>2.7</ele>
      </trkpt>
      <trkpt lat="51.08084" lon="4.24202">
        <ele>1.4</ele>
      </trkpt>
      <trkpt lat="51.08079" lon="4.24169">
        <ele>1.1</ele>
      </trkpt>
      <trkpt lat="51.08081" lon="4.24106">
        <ele>1.0</ele>
      </trkpt>
      <trkpt lat="51.0808" lon="4.24074">
        <ele>1.0</ele>
      </trkpt>
      <trkpt lat="51.08075" lon="4.24042">
        <ele>1.0</ele>
      </trkpt>
      <trkpt lat="51.08043" lon="4.23966">
        <ele>1.4</ele>
      </trkpt>
      <trkpt lat="51.08011" lon="4.23889">
        <ele>2.3</ele>
      </trkpt>
      <trkpt lat="51.08004" lon="4.23869">
        <ele>2.6</ele>
      </trkpt>
      <trkpt lat="51.07995" lon="4.2386">
        <ele>2.7</ele>
      </trkpt>
      <trkpt lat="51.07948" lon="4.2377">
        <ele>2.8</ele>
      </trkpt>
      <trkpt lat="51.07948" lon="4.2377">
        <ele>2.8</ele>
      </trkpt>
      <trkpt lat="51.07947" lon="4.23769">
        <ele>2.8</ele>
      </trkpt>
      <trkpt lat="51.07956" lon="4.23743">
        <ele>2.9</ele>
      </trkpt>
      <trkpt lat="51.07958" lon="4.23729">
        <ele>3.0</ele>
      </trkpt>
      <trkpt lat="51.07959" lon="4.23701">
        <ele>3.0</ele>
      </trkpt>
      <trkpt lat="51.07958" lon="4.23687">
        <ele>3.0</ele>
      </trkpt>
      <trkpt lat="51.07949" lon="4.23584">
        <ele>2.8</ele>
      </trkpt>
      <trkpt lat="51.07939" lon="4.23482">
        <ele>2.6</ele>
      </trkpt>
      <trkpt lat="51.07938" lon="4.23453">
        <ele>2.8</ele>
      </trkpt>
      <trkpt lat="51.07941" lon="4.23422">
        <ele>3.0</ele>
      </trkpt>
      <trkpt lat="51.07946" lon="4.23383">
        <ele>3.3</ele>
      </trkpt>
      <trkpt lat="51.07954" lon="4.23341">
        <ele>3.5</ele>
      </trkpt>
      <trkpt lat="51.07975" lon="4.2327">
        <ele>3.3</ele>
      </trkpt>
      <trkpt lat="51.07976" lon="4.23257">
        <ele>3.3</ele>
      </trkpt>
      <trkpt lat="51.07976" lon="4.23244">
        <ele>3.3</ele>
      </trkpt>
      <trkpt lat="51.07954" lon="4.23122">
        <ele>3.0</ele>
      </trkpt>
      <trkpt lat="51.07937" lon="4.23051">
        <ele>2.8</ele>
      </trkpt>
      <trkpt lat="51.0793" lon="4.23016">
        <ele>2.8</ele>
      </trkpt>
      <trkpt lat="51.07917" lon="4.22918">
        <ele>3.0</ele>
      </trkpt>
      <trkpt lat="51.07916" lon="4.22901">
        <ele>3.0</ele>
      </trkpt>
      <trkpt lat="51.07914" lon="4.22899">
        <ele>3.0</ele>
      </trkpt>
      <trkpt lat="51.07914" lon="4.22899">
        <ele>3.0</ele>
      </trkpt>
      <trkpt lat="51.07916" lon="4.22901">
        <ele>3.0</ele>
      </trkpt>
      <trkpt lat="51.07929" lon="4.22889">
        <ele>2.9</ele>
      </trkpt>
      <trkpt lat="51.07944" lon="4.22869">
        <ele>2.7</ele>
      </trkpt>
      <trkpt lat="51.07973" lon="4.22822">
        <ele>2.4</ele>
      </trkpt>
      <trkpt lat="51.07986" lon="4.22799">
        <ele>2.5</ele>
      </trkpt>
      <trkpt lat="51.08004" lon="4.22775">
        <ele>2.7</ele>
      </trkpt>
      <trkpt lat="51.08051" lon="4.22724">
        <ele>2.4</ele>
      </trkpt>
      <trkpt lat="51.08099" lon="4.22673">
        <ele>2.8</ele>
      </trkpt>
      <trkpt lat="51.08103" lon="4.2267">
        <ele>2.8</ele>
      </trkpt>
      <trkpt lat="51.08119" lon="4.22653">
        <ele>3.0</ele>
      </trkpt>
      <trkpt lat="51.08127" lon="4.22639">
        <ele>3.4</ele>
      </trkpt>
      <trkpt lat="51.08134" lon="4.22624">
        <ele>3.7</ele>
      </trkpt>
      <trkpt lat="51.08136" lon="4.22613">
        <ele>3.9</ele>
      </trkpt>
      <trkpt lat="51.08137" lon="4.22532">
        <ele>4.5</ele>
      </trkpt>
      <trkpt lat="51.0814" lon="4.22505">
        <ele>4.7</ele>
      </trkpt>
      <trkpt lat="51.08147" lon="4.22478">
        <ele>4.8</ele>
      </trkpt>
      <trkpt lat="51.08181" lon="4.22389">
        <ele>5.0</ele>
      </trkpt>
      <trkpt lat="51.08194" lon="4.2235">
        <ele>5.0</ele>
      </trkpt>
      <trkpt lat="51.08207" lon="4.22284">
        <ele>5.3</ele>
      </trkpt>
      <trkpt lat="51.08213" lon="4.22264">
        <ele>5.5</ele>
      </trkpt>
      <trkpt lat="51.08223" lon="4.22244">
        <ele>5.7</ele>
      </trkpt>
      <trkpt lat="51.08235" lon="4.2223">
        <ele>5.8</ele>
      </trkpt>
      <trkpt lat="51.08248" lon="4.2222">
        <ele>6.0</ele>
      </trkpt>
      <trkpt lat="51.08259" lon="4.22214">
        <ele>5.8</ele>
      </trkpt>
      <trkpt lat="51.08297" lon="4.22183">
        <ele>4.9</ele>
      </trkpt>
      <trkpt lat="51.0832" lon="4.22152">
        <ele>4.5</ele>
      </trkpt>
      <trkpt lat="51.08327" lon="4.22146">
        <ele>4.4</ele>
      </trkpt>
      <trkpt lat="51.08328" lon="4.22143">
        <ele>4.4</ele>
      </trkpt>
      <trkpt lat="51.08328" lon="4.22143">
        <ele>4.4</ele>
      </trkpt>
      <trkpt lat="51.08333" lon="4.22097">
        <ele>4.8</ele>
      </trkpt>
      <trkpt lat="51.08329" lon="4.22063">
        <ele>5.3</ele>
      </trkpt>
      <trkpt lat="51.08308" lon="4.21953">
        <ele>6.6</ele>
      </trkpt>
      <trkpt lat="51.08287" lon="4.21844">
        <ele>7.9</ele>
      </trkpt>
      <trkpt lat="51.08288" lon="4.21829">
        <ele>8.0</ele>
      </trkpt>
      <trkpt lat="51.0829" lon="4.21819">
        <ele>8.1</ele>
      </trkpt>
      <trkpt lat="51.08289" lon="4.21817">
        <ele>8.1</ele>
      </trkpt>
      <trkpt lat="51.08247" lon="4.21742">
        <ele>9.0</ele>
      </trkpt>
      <trkpt lat="51.08252" lon="4.21735">
        <ele>9.0</ele>
      </trkpt>
      <trkpt lat="51.08243" lon="4.21716">
        <ele>9.0</ele>
      </trkpt>
      <trkpt lat="51.08247" lon="4.21713">
        <ele>9.0</ele>
      </trkpt>
      <trkpt lat="51.08249" lon="4.21709">
        <ele>9.0</ele>
      </trkpt>
      <trkpt lat="51.08252" lon="4.21704">
        <ele>9.0</ele>
      </trkpt>
      <trkpt lat="51.08253" lon="4.21698">
        <ele>9.0</ele>
      </trkpt>
      <trkpt lat="51.08234" lon="4.21592">
        <ele>10.1</ele>
      </trkpt>
      <trkpt lat="51.08215" lon="4.21487">
        <ele>10.6</ele>
      </trkpt>
      <trkpt lat="51.08196" lon="4.21382">
        <ele>9.2</ele>
      </trkpt>
      <trkpt lat="51.08176" lon="4.21277">
        <ele>8.7</ele>
      </trkpt>
      <trkpt lat="51.08157" lon="4.21172">
        <ele>9.1</ele>
      </trkpt>
      <trkpt lat="51.08137" lon="4.21067">
        <ele>9.8</ele>
      </trkpt>
      <trkpt lat="51.08118" lon="4.20962">
        <ele>10.3</ele>
      </trkpt>
      <trkpt lat="51.08098" lon="4.20858">
        <ele>10.5</ele>
      </trkpt>
      <trkpt lat="51.08076" lon="4.20729">
        <ele>8.7</ele>
      </trkpt>
      <trkpt lat="51.08057" lon="4.20628">
        <ele>7.8</ele>
      </trkpt>
      <trkpt lat="51.08038" lon="4.20527">
        <ele>7.9</ele>
      </trkpt>
      <trkpt lat="51.08038" lon="4.20527">
        <ele>7.9</ele>
      </trkpt>
      <trkpt lat="51.08021" lon="4.20445">
        <ele>8.4</ele>
      </trkpt>
      <trkpt lat="51.08005" lon="4.20361">
        <ele>8.2</ele>
      </trkpt>
      <trkpt lat="51.0799" lon="4.20278">
        <ele>7.7</ele>
      </trkpt>
      <trkpt lat="51.07975" lon="4.20203">
        <ele>7.6</ele>
      </trkpt>
      <trkpt lat="51.07983" lon="4.20206">
        <ele>7.7</ele>
      </trkpt>
      <trkpt lat="51.0797" lon="4.20134">
        <ele>7.4</ele>
      </trkpt>
      <trkpt lat="51.07956" lon="4.20062">
        <ele>7.0</ele>
      </trkpt>
      <trkpt lat="51.07956" lon="4.20062">
        <ele>7.0</ele>
      </trkpt>
      <trkpt lat="51.07956" lon="4.20061">
        <ele>7.0</ele>
      </trkpt>
      <trkpt lat="51.08002" lon="4.1999">
        <ele>6.7</ele>
      </trkpt>
      <trkpt lat="51.0806" lon="4.19904">
        <ele>5.0</ele>
      </trkpt>
      <trkpt lat="51.0809" lon="4.19866">
        <ele>5.1</ele>
      </trkpt>
      <trkpt lat="51.0809" lon="4.19866">
        <ele>5.1</ele>
      </trkpt>
      <trkpt lat="51.0809" lon="4.19866">
        <ele>5.1</ele>
      </trkpt>
      <trkpt lat="51.0811" lon="4.1984">
        <ele>5.3</ele>
      </trkpt>
      <trkpt lat="51.08168" lon="4.19757">
        <ele>5.1</ele>
      </trkpt>
      <trkpt lat="51.08225" lon="4.19675">
        <ele>4.7</ele>
      </trkpt>
      <trkpt lat="51.08283" lon="4.19592">
        <ele>4.0</ele>
      </trkpt>
      <trkpt lat="51.08301" lon="4.19571">
        <ele>4.1</ele>
      </trkpt>
      <trkpt lat="51.08332" lon="4.19547">
        <ele>4.5</ele>
      </trkpt>
      <trkpt lat="51.084" lon="4.19502">
        <ele>3.2</ele>
      </trkpt>
      <trkpt lat="51.08424" lon="4.19491">
        <ele>2.8</ele>
      </trkpt>
      <trkpt lat="51.0848" lon="4.19472">
        <ele>0.6</ele>
      </trkpt>
      <trkpt lat="51.08536" lon="4.19454">
        <ele>-0.1</ele>
      </trkpt>
      <trkpt lat="51.08608" lon="4.19435">
        <ele>0.6</ele>
      </trkpt>
      <trkpt lat="51.08646" lon="4.19423">
        <ele>1.7</ele>
      </trkpt>
      <trkpt lat="51.08674" lon="4.19413">
        <ele>2.0</ele>
      </trkpt>
      <trkpt lat="51.08703" lon="4.19395">
        <ele>1.9</ele>
      </trkpt>
      <trkpt lat="51.08719" lon="4.19383">
        <ele>1.8</ele>
      </trkpt>
      <trkpt lat="51.08766" lon="4.193418">
        <ele>1.2</ele>
      </trkpt>
      <trkpt lat="51.08795" lon="4.19318">
        <ele>0.8</ele>
      </trkpt>
      <trkpt lat="51.08795" lon="4.19318">
        <ele>0.8</ele>
      </trkpt>
      <trkpt lat="51.08813" lon="4.19303">
        <ele>0.6</ele>
      </trkpt>
      <trkpt lat="51.08865" lon="4.19271">
        <ele>0.3</ele>
      </trkpt>
      <trkpt lat="51.08918" lon="4.1924">
        <ele>-0.1</ele>
      </trkpt>
      <trkpt lat="51.08963" lon="4.192459">
        <ele>1.6</ele>
      </trkpt>
      <trkpt lat="51.08989" lon="4.19269">
        <ele>2.5</ele>
      </trkpt>
      <trkpt lat="51.09042" lon="4.19336">
        <ele>3.0</ele>
      </trkpt>
      <trkpt lat="51.09095" lon="4.19404">
        <ele>2.6</ele>
      </trkpt>
      <trkpt lat="51.09147" lon="4.19471">
        <ele>0.3</ele>
      </trkpt>
      <trkpt lat="51.09216" lon="4.19541">
        <ele>-0.6</ele>
      </trkpt>
      <trkpt lat="51.09266" lon="4.19571">
        <ele>-0.6</ele>
      </trkpt>
      <trkpt lat="51.09319" lon="4.19592">
        <ele>0.6</ele>
      </trkpt>
      <trkpt lat="51.09375" lon="4.19592">
        <ele>0.5</ele>
      </trkpt>
      <trkpt lat="51.09435" lon="4.19578">
        <ele>0.0</ele>
      </trkpt>
      <trkpt lat="51.0949" lon="4.19555">
        <ele>0.3</ele>
      </trkpt>
      <trkpt lat="51.09546" lon="4.19531">
        <ele>2.8</ele>
      </trkpt>
      <trkpt lat="51.09575" lon="4.19507">
        <ele>4.5</ele>
      </trkpt>
      <trkpt lat="51.096" lon="4.19477">
        <ele>4.0</ele>
      </trkpt>
      <trkpt lat="51.09666" lon="4.19387">
        <ele>0.7</ele>
      </trkpt>
      <trkpt lat="51.09666" lon="4.19387">
        <ele>0.7</ele>
      </trkpt>
      <trkpt lat="51.09682" lon="4.19367">
        <ele>0.9</ele>
      </trkpt>
      <trkpt lat="51.09709" lon="4.19341">
        <ele>2.0</ele>
      </trkpt>
      <trkpt lat="51.09735" lon="4.193279">
        <ele>3.1</ele>
      </trkpt>
      <trkpt lat="51.09753" lon="4.19324">
        <ele>3.6</ele>
      </trkpt>
      <trkpt lat="51.09772" lon="4.19323">
        <ele>3.2</ele>
      </trkpt>
      <trkpt lat="51.09815" lon="4.19334">
        <ele>2.4</ele>
      </trkpt>
      <trkpt lat="51.09848" lon="4.19341">
        <ele>1.9</ele>
      </trkpt>
      <trkpt lat="51.0986" lon="4.19339">
        <ele>1.9</ele>
      </trkpt>
      <trkpt lat="51.09871" lon="4.19337">
        <ele>2.0</ele>
      </trkpt>
      <trkpt lat="51.09898" lon="4.19325">
        <ele>1.9</ele>
      </trkpt>
      <trkpt lat="51.09947" lon="4.19285">
        <ele>1.1</ele>
      </trkpt>
      <trkpt lat="51.09962" lon="4.1927">
        <ele>0.7</ele>
      </trkpt>
      <trkpt lat="51.09997" lon="4.19247">
        <ele>0.0</ele>
      </trkpt>
      <trkpt lat="51.10014" lon="4.19245">
        <ele>-0.4</ele>
      </trkpt>
      <trkpt lat="51.10078" lon="4.19261">
        <ele>-1.7</ele>
      </trkpt>
      <trkpt lat="51.10095" lon="4.1927">
        <ele>-1.5</ele>
      </trkpt>
      <trkpt lat="51.10097" lon="4.19261">
        <ele>-1.6</ele>
      </trkpt>
      <trkpt lat="51.10099" lon="4.19255">
        <ele>-1.6</ele>
      </trkpt>
      <trkpt lat="51.10105" lon="4.19249">
        <ele>-1.5</ele>
      </trkpt>
      <trkpt lat="51.10135" lon="4.19265">
        <ele>-0.7</ele>
      </trkpt>
      <trkpt lat="51.10135" lon="4.19265">
        <ele>-0.7</ele>
      </trkpt>
      <trkpt lat="51.10149" lon="4.19273">
        <ele>-0.4</ele>
      </trkpt>
      <trkpt lat="51.10151" lon="4.19278">
        <ele>-0.3</ele>
      </trkpt>
      <trkpt lat="51.10146" lon="4.19297">
        <ele>-0.4</ele>
      </trkpt>
      <trkpt lat="51.10172" lon="4.19311">
        <ele>0.1</ele>
      </trkpt>
      <trkpt lat="51.10173" lon="4.1931">
        <ele>0.1</ele>
      </trkpt>
      <trkpt lat="51.10173" lon="4.1931">
        <ele>0.1</ele>
      </trkpt>
      <trkpt lat="51.10225" lon="4.19231">
        <ele>0.5</ele>
      </trkpt>
      <trkpt lat="51.10271" lon="4.191519">
        <ele>-0.3</ele>
      </trkpt>
      <trkpt lat="51.10274" lon="4.19147">
        <ele>-0.4</ele>
      </trkpt>
      <trkpt lat="51.10276" lon="4.1914">
        <ele>-0.4</ele>
      </trkpt>
      <trkpt lat="51.10281" lon="4.191029">
        <ele>-0.6</ele>
      </trkpt>
      <trkpt lat="51.10336" lon="4.19015">
        <ele>0.1</ele>
      </trkpt>
      <trkpt lat="51.10341" lon="4.19011">
        <ele>0.2</ele>
      </trkpt>
      <trkpt lat="51.10343" lon="4.19014">
        <ele>0.2</ele>
      </trkpt>
      <trkpt lat="51.10343" lon="4.19014">
        <ele>0.2</ele>
      </trkpt>
      <trkpt lat="51.1038" lon="4.19078">
        <ele>0.6</ele>
      </trkpt>
      <trkpt lat="51.10416" lon="4.19141">
        <ele>0.3</ele>
      </trkpt>
      <trkpt lat="51.10466" lon="4.192249">
        <ele>-0.1</ele>
      </trkpt>
      <trkpt lat="51.10485" lon="4.19252">
        <ele>-0.2</ele>
      </trkpt>
      <trkpt lat="51.1052" lon="4.19315">
        <ele>-0.4</ele>
      </trkpt>
      <trkpt lat="51.10528" lon="4.19325">
        <ele>-0.3</ele>
      </trkpt>
      <trkpt lat="51.10538" lon="4.193329">
        <ele>-0.1</ele>
      </trkpt>
      <trkpt lat="51.10548" lon="4.19338">
        <ele>0.2</ele>
      </trkpt>
      <trkpt lat="51.10559" lon="4.19341">
        <ele>0.4</ele>
      </trkpt>
      <trkpt lat="51.10586" lon="4.19345">
        <ele>1.0</ele>
      </trkpt>
      <trkpt lat="51.10595" lon="4.19352">
        <ele>0.9</ele>
      </trkpt>
      <trkpt lat="51.10601" lon="4.193628">
        <ele>0.8</ele>
      </trkpt>
      <trkpt lat="51.10618" lon="4.194149">
        <ele>0.6</ele>
      </trkpt>
      <trkpt lat="51.10627" lon="4.19433">
        <ele>0.4</ele>
      </trkpt>
      <trkpt lat="51.10636" lon="4.19446">
        <ele>0.2</ele>
      </trkpt>
      <trkpt lat="51.10646" lon="4.19456">
        <ele>0.1</ele>
      </trkpt>
      <trkpt lat="51.10665" lon="4.19466">
        <ele>0.0</ele>
      </trkpt>
      <trkpt lat="51.10693" lon="4.19477">
        <ele>0.0</ele>
      </trkpt>
      <trkpt lat="51.10724" lon="4.19521">
        <ele>0.1</ele>
      </trkpt>
      <trkpt lat="51.10758" lon="4.19565">
        <ele>-0.1</ele>
      </trkpt>
      <trkpt lat="51.10818" lon="4.19629">
        <ele>-1.3</ele>
      </trkpt>
      <trkpt lat="51.10821" lon="4.19636">
        <ele>-1.4</ele>
      </trkpt>
      <trkpt lat="51.10821" lon="4.19636">
        <ele>-1.4</ele>
      </trkpt>
      <trkpt lat="51.10839" lon="4.19685">
        <ele>-1.9</ele>
      </trkpt>
      <trkpt lat="51.10861" lon="4.19734">
        <ele>-1.3</ele>
      </trkpt>
      <trkpt lat="51.109" lon="4.1981">
        <ele>-0.8</ele>
      </trkpt>
      <trkpt lat="51.10947" lon="4.19878">
        <ele>-0.8</ele>
      </trkpt>
      <trkpt lat="51.10965" lon="4.19907">
        <ele>-0.9</ele>
      </trkpt>
      <trkpt lat="51.10982" lon="4.19927">
        <ele>-1.1</ele>
      </trkpt>
      <trkpt lat="51.11012" lon="4.1997">
        <ele>-1.6</ele>
      </trkpt>
      <trkpt lat="51.11027" lon="4.1999">
        <ele>-1.9</ele>
      </trkpt>
      <trkpt lat="51.11041" lon="4.20005">
        <ele>-2.0</ele>
      </trkpt>
      <trkpt lat="51.11064" lon="4.20024">
        <ele>-2.0</ele>
      </trkpt>
      <trkpt lat="51.11102" lon="4.20049">
        <ele>-1.6</ele>
      </trkpt>
      <trkpt lat="51.11116" lon="4.20062">
        <ele>-1.2</ele>
      </trkpt>
      <trkpt lat="51.11171" lon="4.20122">
        <ele>-0.4</ele>
      </trkpt>
      <trkpt lat="51.11225" lon="4.20182">
        <ele>1.1</ele>
      </trkpt>
      <trkpt lat="51.11257" lon="4.20204">
        <ele>1.8</ele>
      </trkpt>
      <trkpt lat="51.11264" lon="4.20213">
        <ele>1.7</ele>
      </trkpt>
      <trkpt lat="51.11272" lon="4.20226">
        <ele>1.5</ele>
      </trkpt>
      <trkpt lat="51.11283" lon="4.20249">
        <ele>1.2</ele>
      </trkpt>
      <trkpt lat="51.11316" lon="4.20327">
        <ele>1.0</ele>
      </trkpt>
      <trkpt lat="51.11361" lon="4.2041">
        <ele>0.7</ele>
      </trkpt>
      <trkpt lat="51.11383" lon="4.20468">
        <ele>0.8</ele>
      </trkpt>
      <trkpt lat="51.11394" lon="4.20492">
        <ele>0.9</ele>
      </trkpt>
      <trkpt lat="51.11426" lon="4.20555">
        <ele>1.0</ele>
      </trkpt>
      <trkpt lat="51.11426" lon="4.20555">
        <ele>1.0</ele>
      </trkpt>
      <trkpt lat="51.1145" lon="4.20602">
        <ele>1.0</ele>
      </trkpt>
      <trkpt lat="51.11454" lon="4.20617">
        <ele>1.0</ele>
      </trkpt>
      <trkpt lat="51.11458" lon="4.20651">
        <ele>1.0</ele>
      </trkpt>
      <trkpt lat="51.11462" lon="4.20666">
        <ele>1.1</ele>
      </trkpt>
      <trkpt lat="51.11466" lon="4.20679">
        <ele>1.1</ele>
      </trkpt>
      <trkpt lat="51.11521" lon="4.20775">
        <ele>0.7</ele>
      </trkpt>
      <trkpt lat="51.11539" lon="4.20786">
        <ele>0.6</ele>
      </trkpt>
      <trkpt lat="51.1161" lon="4.20813">
        <ele>0.4</ele>
      </trkpt>
      <trkpt lat="51.11617" lon="4.20818">
        <ele>0.3</ele>
      </trkpt>
      <trkpt lat="51.11621" lon="4.20827">
        <ele>0.1</ele>
      </trkpt>
      <trkpt lat="51.11625" lon="4.20849">
        <ele>0.0</ele>
      </trkpt>
      <trkpt lat="51.11617" lon="4.20929">
        <ele>0.0</ele>
      </trkpt>
      <trkpt lat="51.11612" lon="4.2097">
        <ele>0.0</ele>
      </trkpt>
      <trkpt lat="51.11602" lon="4.20994">
        <ele>0.0</ele>
      </trkpt>
      <trkpt lat="51.11587" lon="4.21019">
        <ele>0.0</ele>
      </trkpt>
      <trkpt lat="51.11576" lon="4.21029">
        <ele>0.1</ele>
      </trkpt>
      <trkpt lat="51.11563" lon="4.21037">
        <ele>0.2</ele>
      </trkpt>
      <trkpt lat="51.11525" lon="4.21037">
        <ele>0.7</ele>
      </trkpt>
      <trkpt lat="51.1151" lon="4.21049">
        <ele>0.9</ele>
      </trkpt>
      <trkpt lat="51.1148" lon="4.21101">
        <ele>0.4</ele>
      </trkpt>
      <trkpt lat="51.11475" lon="4.21115">
        <ele>0.1</ele>
      </trkpt>
      <trkpt lat="51.11467" lon="4.21198">
        <ele>-0.4</ele>
      </trkpt>
      <trkpt lat="51.11463" lon="4.21219">
        <ele>-0.4</ele>
      </trkpt>
      <trkpt lat="51.11455" lon="4.21234">
        <ele>-0.5</ele>
      </trkpt>
      <trkpt lat="51.11433" lon="4.2126">
        <ele>-0.7</ele>
      </trkpt>
      <trkpt lat="51.11428" lon="4.21269">
        <ele>-0.7</ele>
      </trkpt>
      <trkpt lat="51.1142" lon="4.213">
        <ele>-0.4</ele>
      </trkpt>
      <trkpt lat="51.1142" lon="4.2131">
        <ele>-0.3</ele>
      </trkpt>
      <trkpt lat="51.11423" lon="4.2132">
        <ele>-0.1</ele>
      </trkpt>
      <trkpt lat="51.11457" lon="4.21375">
        <ele>0.0</ele>
      </trkpt>
      <trkpt lat="51.11457" lon="4.21375">
        <ele>0.0</ele>
      </trkpt>
      <trkpt lat="51.11514" lon="4.21461">
        <ele>0.2</ele>
      </trkpt>
      <trkpt lat="51.11529" lon="4.21477">
        <ele>0.3</ele>
      </trkpt>
      <trkpt lat="51.11535" lon="4.21481">
        <ele>0.4</ele>
      </trkpt>
      <trkpt lat="51.11559" lon="4.21482">
        <ele>0.7</ele>
      </trkpt>
      <trkpt lat="51.11579" lon="4.21479">
        <ele>0.9</ele>
      </trkpt>
      <trkpt lat="51.11593" lon="4.2147">
        <ele>1.0</ele>
      </trkpt>
      <trkpt lat="51.11621" lon="4.2145">
        <ele>1.1</ele>
      </trkpt>
      <trkpt lat="51.11634" lon="4.21447">
        <ele>1.2</ele>
      </trkpt>
      <trkpt lat="51.11647" lon="4.21453">
        <ele>1.1</ele>
      </trkpt>
      <trkpt lat="51.1167" lon="4.21477">
        <ele>0.6</ele>
      </trkpt>
      <trkpt lat="51.1168" lon="4.21483">
        <ele>0.5</ele>
      </trkpt>
      <trkpt lat="51.11689" lon="4.21485">
        <ele>0.6</ele>
      </trkpt>
      <trkpt lat="51.11719" lon="4.21477">
        <ele>1.0</ele>
      </trkpt>
      <trkpt lat="51.11739" lon="4.21478">
        <ele>1.2</ele>
      </trkpt>
      <trkpt lat="51.11789" lon="4.21482">
        <ele>1.6</ele>
      </trkpt>
      <trkpt lat="51.11828" lon="4.21487">
        <ele>1.9</ele>
      </trkpt>
      <trkpt lat="51.11842" lon="4.21491">
        <ele>2.2</ele>
      </trkpt>
      <trkpt lat="51.11851" lon="4.21496">
        <ele>2.4</ele>
      </trkpt>
      <trkpt lat="51.1186" lon="4.21504">
        <ele>2.6</ele>
      </trkpt>
      <trkpt lat="51.11878" lon="4.21528">
        <ele>3.1</ele>
      </trkpt>
      <trkpt lat="51.11886" lon="4.2155">
        <ele>3.3</ele>
      </trkpt>
      <trkpt lat="51.11891" lon="4.2158">
        <ele>3.4</ele>
      </trkpt>
      <trkpt lat="51.1189" lon="4.21619">
        <ele>3.4</ele>
      </trkpt>
      <trkpt lat="51.1189" lon="4.21619">
        <ele>3.4</ele>
      </trkpt>
      <trkpt lat="51.1189" lon="4.21619">
        <ele>3.4</ele>
      </trkpt>
      <trkpt lat="51.1189" lon="4.21627">
        <ele>3.4</ele>
      </trkpt>
      <trkpt lat="51.11886" lon="4.21649">
        <ele>3.3</ele>
      </trkpt>
      <trkpt lat="51.1188" lon="4.21667">
        <ele>3.1</ele>
      </trkpt>
      <trkpt lat="51.11875" lon="4.21678">
        <ele>3.3</ele>
      </trkpt>
      <trkpt lat="51.11867" lon="4.2169">
        <ele>3.4</ele>
      </trkpt>
      <trkpt lat="51.11853" lon="4.21708">
        <ele>3.5</ele>
      </trkpt>
      <trkpt lat="51.11813" lon="4.2175">
        <ele>3.8</ele>
      </trkpt>
      <trkpt lat="51.118" lon="4.21731">
        <ele>3.2</ele>
      </trkpt>
      <trkpt lat="51.11791" lon="4.21724">
        <ele>3.0</ele>
      </trkpt>
      <trkpt lat="51.1178" lon="4.21719">
        <ele>2.9</ele>
      </trkpt>
      <trkpt lat="51.11762" lon="4.21719">
        <ele>2.7</ele>
      </trkpt>
      <trkpt lat="51.11731" lon="4.21726">
        <ele>2.5</ele>
      </trkpt>
      <trkpt lat="51.11716" lon="4.21725">
        <ele>2.3</ele>
      </trkpt>
      <trkpt lat="51.11707" lon="4.21724">
        <ele>2.2</ele>
      </trkpt>
      <trkpt lat="51.11687" lon="4.21715">
        <ele>1.8</ele>
      </trkpt>
      <trkpt lat="51.11687" lon="4.21715">
        <ele>1.8</ele>
      </trkpt>
      <trkpt lat="51.1168" lon="4.21712">
        <ele>1.7</ele>
      </trkpt>
      <trkpt lat="51.11633" lon="4.21705">
        <ele>1.5</ele>
      </trkpt>
      <trkpt lat="51.11572" lon="4.21705">
        <ele>1.7</ele>
      </trkpt>
      <trkpt lat="51.11544" lon="4.21708">
        <ele>2.2</ele>
      </trkpt>
      <trkpt lat="51.11492" lon="4.21724">
        <ele>2.7</ele>
      </trkpt>
      <trkpt lat="51.11451" lon="4.21744">
        <ele>1.2</ele>
      </trkpt>
      <trkpt lat="51.11432" lon="4.21756">
        <ele>0.6</ele>
      </trkpt>
      <trkpt lat="51.11413" lon="4.21769">
        <ele>0.3</ele>
      </trkpt>
      <trkpt lat="51.11379" lon="4.21799">
        <ele>0.5</ele>
      </trkpt>
      <trkpt lat="51.11349" lon="4.2183">
        <ele>0.2</ele>
      </trkpt>
      <trkpt lat="51.11337" lon="4.21844">
        <ele>0.0</ele>
      </trkpt>
      <trkpt lat="51.11325" lon="4.21859">
        <ele>-0.2</ele>
      </trkpt>
      <trkpt lat="51.11291" lon="4.2191">
        <ele>-0.5</ele>
      </trkpt>
      <trkpt lat="51.11269" lon="4.21947">
        <ele>-0.4</ele>
      </trkpt>
      <trkpt lat="51.1125" lon="4.21984">
        <ele>-0.2</ele>
      </trkpt>
      <trkpt lat="51.11231" lon="4.22001">
        <ele>0.0</ele>
      </trkpt>
      <trkpt lat="51.11226" lon="4.22007">
        <ele>0.0</ele>
      </trkpt>
      <trkpt lat="51.11212" lon="4.22013">
        <ele>0.0</ele>
      </trkpt>
      <trkpt lat="51.11205" lon="4.2202">
        <ele>0.0</ele>
      </trkpt>
      <trkpt lat="51.11189" lon="4.22042">
        <ele>0.0</ele>
      </trkpt>
      <trkpt lat="51.11164" lon="4.22082">
        <ele>0.0</ele>
      </trkpt>
      <trkpt lat="51.11153" lon="4.22097">
        <ele>0.2</ele>
      </trkpt>
      <trkpt lat="51.11146" lon="4.22104">
        <ele>0.2</ele>
      </trkpt>
      <trkpt lat="51.11115" lon="4.22127">
        <ele>0.5</ele>
      </trkpt>
      <trkpt lat="51.11088" lon="4.22155">
        <ele>0.9</ele>
      </trkpt>
      <trkpt lat="51.11088" lon="4.22155">
        <ele>0.9</ele>
      </trkpt>
      <trkpt lat="51.11084" lon="4.22159">
        <ele>0.9</ele>
      </trkpt>
      <trkpt lat="51.11038" lon="4.22224">
        <ele>0.1</ele>
      </trkpt>
      <trkpt lat="51.10991" lon="4.2229">
        <ele>0.4</ele>
      </trkpt>
      <trkpt lat="51.10945" lon="4.22355">
        <ele>0.3</ele>
      </trkpt>
      <trkpt lat="51.1092" lon="4.22395">
        <ele>0.0</ele>
      </trkpt>
      <trkpt lat="51.10898" lon="4.22441">
        <ele>0.7</ele>
      </trkpt>
      <trkpt lat="51.10887" lon="4.22461">
        <ele>1.1</ele>
      </trkpt>
      <trkpt lat="51.10875" lon="4.22476">
        <ele>1.4</ele>
      </trkpt>
      <trkpt lat="51.10861" lon="4.22491">
        <ele>1.6</ele>
      </trkpt>
      <trkpt lat="51.10821" lon="4.22524">
        <ele>2.3</ele>
      </trkpt>
      <trkpt lat="51.1081" lon="4.22534">
        <ele>2.4</ele>
      </trkpt>
      <trkpt lat="51.10798" lon="4.22554">
        <ele>2.6</ele>
      </trkpt>
      <trkpt lat="51.1079" lon="4.22569">
        <ele>2.6</ele>
      </trkpt>
      <trkpt lat="51.10783" lon="4.22577">
        <ele>2.6</ele>
      </trkpt>
      <trkpt lat="51.10769" lon="4.22587">
        <ele>2.7</ele>
      </trkpt>
      <trkpt lat="51.10756" lon="4.22592">
        <ele>2.8</ele>
      </trkpt>
      <trkpt lat="51.1075" lon="4.22594">
        <ele>2.9</ele>
      </trkpt>
      <trkpt lat="51.10733" lon="4.22589">
        <ele>2.7</ele>
      </trkpt>
      <trkpt lat="51.10703" lon="4.22574">
        <ele>2.5</ele>
      </trkpt>
      <trkpt lat="51.10687" lon="4.22571">
        <ele>2.3</ele>
      </trkpt>
      <trkpt lat="51.10678" lon="4.22571">
        <ele>2.2</ele>
      </trkpt>
      <trkpt lat="51.1067" lon="4.22574">
        <ele>2.0</ele>
      </trkpt>
      <trkpt lat="51.10655" lon="4.22582">
        <ele>2.3</ele>
      </trkpt>
      <trkpt lat="51.10646" lon="4.22589">
        <ele>2.5</ele>
      </trkpt>
      <trkpt lat="51.10604" lon="4.22635">
        <ele>4.0</ele>
      </trkpt>
      <trkpt lat="51.10593" lon="4.22644">
        <ele>4.4</ele>
      </trkpt>
      <trkpt lat="51.10578" lon="4.22655">
        <ele>4.9</ele>
      </trkpt>
      <trkpt lat="51.10534" lon="4.22682">
        <ele>4.6</ele>
      </trkpt>
      <trkpt lat="51.10487" lon="4.22733">
        <ele>3.2</ele>
      </trkpt>
      <trkpt lat="51.10441" lon="4.22785">
        <ele>2.6</ele>
      </trkpt>
      <trkpt lat="51.10432" lon="4.22798">
        <ele>2.9</ele>
      </trkpt>
      <trkpt lat="51.10428" lon="4.22811">
        <ele>3.2</ele>
      </trkpt>
      <trkpt lat="51.10425" lon="4.22825">
        <ele>3.5</ele>
      </trkpt>
      <trkpt lat="51.10426" lon="4.22842">
        <ele>3.6</ele>
      </trkpt>
      <trkpt lat="51.10428" lon="4.22856">
        <ele>3.3</ele>
      </trkpt>
      <trkpt lat="51.10443" lon="4.22903">
        <ele>2.2</ele>
      </trkpt>
      <trkpt lat="51.10444" lon="4.22915">
        <ele>2.0</ele>
      </trkpt>
      <trkpt lat="51.10443" lon="4.22932">
        <ele>1.9</ele>
      </trkpt>
      <trkpt lat="51.10439" lon="4.22944">
        <ele>1.9</ele>
      </trkpt>
      <trkpt lat="51.10432" lon="4.22952">
        <ele>2.0</ele>
      </trkpt>
      <trkpt lat="51.10422" lon="4.22957">
        <ele>2.3</ele>
      </trkpt>
      <trkpt lat="51.104" lon="4.22962">
        <ele>2.1</ele>
      </trkpt>
      <trkpt lat="51.10389" lon="4.22973">
        <ele>1.8</ele>
      </trkpt>
      <trkpt lat="51.10366" lon="4.2301">
        <ele>1.3</ele>
      </trkpt>
      <trkpt lat="51.10366" lon="4.2301">
        <ele>1.3</ele>
      </trkpt>
      <trkpt lat="51.10361" lon="4.23018">
        <ele>1.3</ele>
      </trkpt>
      <trkpt lat="51.1036" lon="4.23032">
        <ele>1.2</ele>
      </trkpt>
      <trkpt lat="51.10352" lon="4.23034">
        <ele>1.1</ele>
      </trkpt>
      <trkpt lat="51.1033" lon="4.23066">
        <ele>1.0</ele>
      </trkpt>
      <trkpt lat="51.10292" lon="4.23126">
        <ele>1.0</ele>
      </trkpt>
      <trkpt lat="51.10286" lon="4.23136">
        <ele>1.0</ele>
      </trkpt>
      <trkpt lat="51.10282" lon="4.2315">
        <ele>1.0</ele>
      </trkpt>
      <trkpt lat="51.1028" lon="4.23163">
        <ele>1.0</ele>
      </trkpt>
      <trkpt lat="51.1028" lon="4.23177">
        <ele>1.0</ele>
      </trkpt>
      <trkpt lat="51.10285" lon="4.23247">
        <ele>1.0</ele>
      </trkpt>
      <trkpt lat="51.10282" lon="4.23274">
        <ele>1.1</ele>
      </trkpt>
      <trkpt lat="51.10279" lon="4.23291">
        <ele>1.1</ele>
      </trkpt>
      <trkpt lat="51.10273" lon="4.23313">
        <ele>1.3</ele>
      </trkpt>
      <trkpt lat="51.1026" lon="4.23335">
        <ele>1.7</ele>
      </trkpt>
      <trkpt lat="51.1025" lon="4.23348">
        <ele>1.8</ele>
      </trkpt>
      <trkpt lat="51.1025" lon="4.23348">
        <ele>1.8</ele>
      </trkpt>
      <trkpt lat="51.10242" lon="4.23358">
        <ele>1.6</ele>
      </trkpt>
      <trkpt lat="51.1022" lon="4.23381">
        <ele>1.3</ele>
      </trkpt>
      <trkpt lat="51.10187" lon="4.23403">
        <ele>1.0</ele>
      </trkpt>
      <trkpt lat="51.10138" lon="4.23424">
        <ele>2.0</ele>
      </trkpt>
      <trkpt lat="51.10121" lon="4.23429">
        <ele>2.6</ele>
      </trkpt>
      <trkpt lat="51.10081" lon="4.23426">
        <ele>4.0</ele>
      </trkpt>
      <trkpt lat="51.10061" lon="4.23425">
        <ele>4.3</ele>
      </trkpt>
      <trkpt lat="51.09993" lon="4.23417">
        <ele>5.2</ele>
      </trkpt>
      <trkpt lat="51.09989" lon="4.23409">
        <ele>5.2</ele>
      </trkpt>
      <trkpt lat="51.09976" lon="4.23414">
        <ele>5.5</ele>
      </trkpt>
      <trkpt lat="51.09971" lon="4.23417">
        <ele>5.7</ele>
      </trkpt>
      <trkpt lat="51.09961" lon="4.2342">
        <ele>6.0</ele>
      </trkpt>
      <trkpt lat="51.09958" lon="4.2342">
        <ele>6.1</ele>
      </trkpt>
      <trkpt lat="51.09954" lon="4.23418">
        <ele>6.1</ele>
      </trkpt>
      <trkpt lat="51.09954" lon="4.23418">
        <ele>6.1</ele>
      </trkpt>
      <trkpt lat="51.09949" lon="4.23417">
        <ele>6.2</ele>
      </trkpt>
      <trkpt lat="51.09949" lon="4.23417">
        <ele>6.2</ele>
      </trkpt>
      <trkpt lat="51.09949" lon="4.23417">
        <ele>6.2</ele>
      </trkpt>
      <trkpt lat="51.09958" lon="4.2342">
        <ele>6.1</ele>
      </trkpt>
      <trkpt lat="51.0996" lon="4.2342">
        <ele>6.0</ele>
      </trkpt>
      <trkpt lat="51.0996" lon="4.2342">
        <ele>6.0</ele>
      </trkpt>
      <trkpt lat="51.09958" lon="4.2342">
        <ele>6.1</ele>
      </trkpt>
      <trkpt lat="51.09899" lon="4.23399">
        <ele>7.0</ele>
      </trkpt>
      <trkpt lat="51.09841" lon="4.23379">
        <ele>7.9</ele>
      </trkpt>
      <trkpt lat="51.09778" lon="4.2336">
        <ele>8.0</ele>
      </trkpt>
      <trkpt lat="51.09716" lon="4.23337">
        <ele>8.0</ele>
      </trkpt>
      <trkpt lat="51.09637" lon="4.23295">
        <ele>7.8</ele>
      </trkpt>
      <trkpt lat="51.09606" lon="4.23283">
        <ele>8.4</ele>
      </trkpt>
      <trkpt lat="51.09606" lon="4.23282">
        <ele>8.4</ele>
      </trkpt>
      <trkpt lat="51.09597" lon="4.23279">
        <ele>8.6</ele>
      </trkpt>
      <trkpt lat="51.09593" lon="4.23297">
        <ele>8.8</ele>
      </trkpt>
      <trkpt lat="51.09579" lon="4.23405">
        <ele>8.9</ele>
      </trkpt>
      <trkpt lat="51.09564" lon="4.23514">
        <ele>8.2</ele>
      </trkpt>
      <trkpt lat="51.09564" lon="4.23515">
        <ele>8.2</ele>
      </trkpt>
      <trkpt lat="51.09564" lon="4.23515">
        <ele>8.2</ele>
      </trkpt>
      <trkpt lat="51.09564" lon="4.23514">
        <ele>8.2</ele>
      </trkpt>
      <trkpt lat="51.09619" lon="4.23535">
        <ele>8.8</ele>
      </trkpt>
      <trkpt lat="51.09682" lon="4.23556">
        <ele>8.9</ele>
      </trkpt>
      <trkpt lat="51.09729" lon="4.23569">
        <ele>8.4</ele>
      </trkpt>
      <trkpt lat="51.09776" lon="4.23581">
        <ele>7.7</ele>
      </trkpt>
      <trkpt lat="51.09807" lon="4.23588">
        <ele>7.3</ele>
      </trkpt>
      <trkpt lat="51.09814" lon="4.23592">
        <ele>7.3</ele>
      </trkpt>
      <trkpt lat="51.0988" lon="4.2361">
        <ele>8.1</ele>
      </trkpt>
      <trkpt lat="51.09895" lon="4.23606">
        <ele>8.3</ele>
      </trkpt>
      <trkpt lat="51.09895" lon="4.23606">
        <ele>8.3</ele>
      </trkpt>
      <trkpt lat="51.0991" lon="4.23598">
        <ele>8.7</ele>
      </trkpt>
      <trkpt lat="51.09933" lon="4.23569">
        <ele>8.4</ele>
      </trkpt>
      <trkpt lat="51.09938" lon="4.23567">
        <ele>8.2</ele>
      </trkpt>
      <trkpt lat="51.09944" lon="4.23568">
        <ele>8.0</ele>
      </trkpt>
      <trkpt lat="51.09947" lon="4.23574">
        <ele>7.9</ele>
      </trkpt>
      <trkpt lat="51.09948" lon="4.23578">
        <ele>7.9</ele>
      </trkpt>
      <trkpt lat="51.09951" lon="4.23609">
        <ele>7.5</ele>
      </trkpt>
      <trkpt lat="51.09954" lon="4.2364">
        <ele>7.0</ele>
      </trkpt>
      <trkpt lat="51.09954" lon="4.23648">
        <ele>6.9</ele>
      </trkpt>
      <trkpt lat="51.09958" lon="4.23689">
        <ele>6.6</ele>
      </trkpt>
      <trkpt lat="51.09958" lon="4.23689">
        <ele>6.6</ele>
      </trkpt>
      <trkpt lat="51.09958" lon="4.23692">
        <ele>6.7</ele>
      </trkpt>
      <trkpt lat="51.09961" lon="4.237">
        <ele>6.6</ele>
      </trkpt>
      <trkpt lat="51.09964" lon="4.23746">
        <ele>6.8</ele>
      </trkpt>
      <trkpt lat="51.09973" lon="4.23751">
        <ele>6.7</ele>
      </trkpt>
      <trkpt lat="51.10011" lon="4.23762">
        <ele>5.6</ele>
      </trkpt>
      <trkpt lat="51.10055" lon="4.23768">
        <ele>3.4</ele>
      </trkpt>
      <trkpt lat="51.10064" lon="4.23771">
        <ele>3.0</ele>
      </trkpt>
      <trkpt lat="51.10069" lon="4.23779">
        <ele>2.7</ele>
      </trkpt>
      <trkpt lat="51.1007" lon="4.23785">
        <ele>2.7</ele>
      </trkpt>
      <trkpt lat="51.1007" lon="4.23785">
        <ele>2.7</ele>
      </trkpt>
      <trkpt lat="51.10076" lon="4.23804">
        <ele>2.4</ele>
      </trkpt>
      <trkpt lat="51.10077" lon="4.2381">
        <ele>2.4</ele>
      </trkpt>
      <trkpt lat="51.10078" lon="4.23825">
        <ele>2.3</ele>
      </trkpt>
      <trkpt lat="51.10076" lon="4.23936">
        <ele>2.3</ele>
      </trkpt>
      <trkpt lat="51.10075" lon="4.24046">
        <ele>2.3</ele>
      </trkpt>
      <trkpt lat="51.10072" lon="4.24135">
        <ele>3.0</ele>
      </trkpt>
      <trkpt lat="51.10069" lon="4.24224">
        <ele>3.4</ele>
      </trkpt>
      <trkpt lat="51.1007" lon="4.24258">
        <ele>3.2</ele>
      </trkpt>
      <trkpt lat="51.10077" lon="4.2434">
        <ele>2.2</ele>
      </trkpt>
      <trkpt lat="51.10084" lon="4.24391">
        <ele>2.0</ele>
      </trkpt>
      <trkpt lat="51.10085" lon="4.24404">
        <ele>2.0</ele>
      </trkpt>
      <trkpt lat="51.10084" lon="4.24432">
        <ele>2.2</ele>
      </trkpt>
      <trkpt lat="51.10084" lon="4.24432">
        <ele>2.2</ele>
      </trkpt>
      <trkpt lat="51.10083" lon="4.24461">
        <ele>2.5</ele>
      </trkpt>
      <trkpt lat="51.10071" lon="4.24559">
        <ele>3.3</ele>
      </trkpt>
      <trkpt lat="51.1007" lon="4.24628">
        <ele>3.3</ele>
      </trkpt>
      <trkpt lat="51.10074" lon="4.24629">
        <ele>3.2</ele>
      </trkpt>
      <trkpt lat="51.10076" lon="4.24631">
        <ele>3.2</ele>
      </trkpt>
      <trkpt lat="51.10079" lon="4.2464">
        <ele>3.1</ele>
      </trkpt>
      <trkpt lat="51.10078" lon="4.24646">
        <ele>3.1</ele>
      </trkpt>
      <trkpt lat="51.10078" lon="4.24658">
        <ele>3.1</ele>
      </trkpt>
      <trkpt lat="51.1008" lon="4.24665">
        <ele>3.0</ele>
      </trkpt>
      <trkpt lat="51.10085" lon="4.24677">
        <ele>3.0</ele>
      </trkpt>
      <trkpt lat="51.1009" lon="4.24684">
        <ele>2.9</ele>
      </trkpt>
      <trkpt lat="51.10103" lon="4.24708">
        <ele>2.8</ele>
      </trkpt>
      <trkpt lat="51.10108" lon="4.24716">
        <ele>2.7</ele>
      </trkpt>
      <trkpt lat="51.10115" lon="4.24729">
        <ele>2.7</ele>
      </trkpt>
      <trkpt lat="51.10115" lon="4.24731">
        <ele>2.7</ele>
      </trkpt>
      <trkpt lat="51.10115" lon="4.24734">
        <ele>2.7</ele>
      </trkpt>
      <trkpt lat="51.10106" lon="4.24756">
        <ele>2.6</ele>
      </trkpt>
      <trkpt lat="51.10102" lon="4.24771">
        <ele>2.5</ele>
      </trkpt>
      <trkpt lat="51.1008" lon="4.24824">
        <ele>2.3</ele>
      </trkpt>
      <trkpt lat="51.10073" lon="4.24842">
        <ele>2.2</ele>
      </trkpt>
      <trkpt lat="51.10063" lon="4.24865">
        <ele>2.1</ele>
      </trkpt>
      <trkpt lat="51.10063" lon="4.24869">
        <ele>2.1</ele>
      </trkpt>
      <trkpt lat="51.10063" lon="4.24873">
        <ele>2.1</ele>
      </trkpt>
      <trkpt lat="51.10065" lon="4.24876">
        <ele>2.1</ele>
      </trkpt>
      <trkpt lat="51.10067" lon="4.24879">
        <ele>2.1</ele>
      </trkpt>
      <trkpt lat="51.10078" lon="4.24887">
        <ele>2.0</ele>
      </trkpt>
      <trkpt lat="51.10082" lon="4.24894">
        <ele>2.0</ele>
      </trkpt>
      <trkpt lat="51.10084" lon="4.249">
        <ele>2.0</ele>
      </trkpt>
      <trkpt lat="51.10089" lon="4.2492">
        <ele>1.9</ele>
      </trkpt>
      <trkpt lat="51.10099" lon="4.24928">
        <ele>1.6</ele>
      </trkpt>
      <trkpt lat="51.10103" lon="4.24912">
        <ele>1.5</ele>
      </trkpt>
      <trkpt lat="51.10106" lon="4.24909">
        <ele>1.5</ele>
      </trkpt>
      <trkpt lat="51.10114" lon="4.24883">
        <ele>1.3</ele>
      </trkpt>
      <trkpt lat="51.10118" lon="4.24865">
        <ele>1.2</ele>
      </trkpt>
      <trkpt lat="51.10118" lon="4.24854">
        <ele>1.2</ele>
      </trkpt>
      <trkpt lat="51.10118" lon="4.24842">
        <ele>1.2</ele>
      </trkpt>
      <trkpt lat="51.101179" lon="4.24786">
        <ele>2.0</ele>
      </trkpt>
      <trkpt lat="51.101179" lon="4.24786">
        <ele>2.0</ele>
      </trkpt>
      <trkpt lat="51.102002" lon="4.245915">
        <ele>2.1</ele>
      </trkpt>
      <trkpt lat="51.102158" lon="4.245957">
        <ele>2.1</ele>
      </trkpt>
      <trkpt lat="51.102158" lon="4.245957">
        <ele>2.1</ele>
      </trkpt>
      <trkpt lat="51.102935" lon="4.24481">
        <ele>1.9</ele>
      </trkpt>
      <trkpt lat="51.102958" lon="4.243681">
        <ele>1.1</ele>
      </trkpt>
      <trkpt lat="51.103138" lon="4.243436">
        <ele>0.6</ele>
      </trkpt>
      <trkpt lat="51.10321" lon="4.24339">
        <ele>0.4</ele>
      </trkpt>
      <trkpt lat="51.10334" lon="4.2432">
        <ele>0.0</ele>
      </trkpt>
      <trkpt lat="51.10358" lon="4.24265">
        <ele>-0.2</ele>
      </trkpt>
      <trkpt lat="51.10364" lon="4.24255">
        <ele>-0.3</ele>
      </trkpt>
      <trkpt lat="51.10377" lon="4.24236">
        <ele>-0.6</ele>
      </trkpt>
      <trkpt lat="51.10383" lon="4.2423">
        <ele>-0.7</ele>
      </trkpt>
      <trkpt lat="51.10392" lon="4.24223">
        <ele>-0.9</ele>
      </trkpt>
      <trkpt lat="51.10463" lon="4.24196">
        <ele>1.5</ele>
      </trkpt>
      <trkpt lat="51.10534" lon="4.24169">
        <ele>3.2</ele>
      </trkpt>
      <trkpt lat="51.10534" lon="4.24169">
        <ele>3.2</ele>
      </trkpt>
      <trkpt lat="51.1057" lon="4.24155">
        <ele>2.0</ele>
      </trkpt>
      <trkpt lat="51.10629" lon="4.24105">
        <ele>0.1</ele>
      </trkpt>
      <trkpt lat="51.10688" lon="4.24056">
        <ele>-0.5</ele>
      </trkpt>
      <trkpt lat="51.1071" lon="4.24169">
        <ele>-2.0</ele>
      </trkpt>
      <trkpt lat="51.10732" lon="4.24281">
        <ele>-2.4</ele>
      </trkpt>
      <trkpt lat="51.10738" lon="4.24303">
        <ele>-2.3</ele>
      </trkpt>
      <trkpt lat="51.10747" lon="4.2432">
        <ele>-2.1</ele>
      </trkpt>
      <trkpt lat="51.1076" lon="4.24338">
        <ele>-2.0</ele>
      </trkpt>
      <trkpt lat="51.10799" lon="4.24376">
        <ele>-2.0</ele>
      </trkpt>
      <trkpt lat="51.10838" lon="4.24413">
        <ele>-1.9</ele>
      </trkpt>
      <trkpt lat="51.109" lon="4.24463">
        <ele>-0.3</ele>
      </trkpt>
      <trkpt lat="51.109" lon="4.24463">
        <ele>-0.3</ele>
      </trkpt>
      <trkpt lat="51.10969" lon="4.24517">
        <ele>0.4</ele>
      </trkpt>
      <trkpt lat="51.10946" lon="4.24636">
        <ele>-1.3</ele>
      </trkpt>
      <trkpt lat="51.10939" lon="4.24689">
        <ele>-1.5</ele>
      </trkpt>
      <trkpt lat="51.10937" lon="4.24705">
        <ele>-1.4</ele>
      </trkpt>
      <trkpt lat="51.10937" lon="4.24724">
        <ele>-1.2</ele>
      </trkpt>
      <trkpt lat="51.10947" lon="4.24781">
        <ele>-0.8</ele>
      </trkpt>
      <trkpt lat="51.1095" lon="4.2482">
        <ele>-0.5</ele>
      </trkpt>
      <trkpt lat="51.10953" lon="4.24847">
        <ele>-0.5</ele>
      </trkpt>
      <trkpt lat="51.10953" lon="4.24847">
        <ele>-0.5</ele>
      </trkpt>
      <trkpt lat="51.10955" lon="4.24858">
        <ele>-0.6</ele>
      </trkpt>
      <trkpt lat="51.10963" lon="4.24892">
        <ele>-0.9</ele>
      </trkpt>
      <trkpt lat="51.1098" lon="4.2493">
        <ele>-1.0</ele>
      </trkpt>
      <trkpt lat="51.11004" lon="4.24971">
        <ele>-0.4</ele>
      </trkpt>
      <trkpt lat="51.11037" lon="4.25013">
        <ele>-0.7</ele>
      </trkpt>
      <trkpt lat="51.11073" lon="4.25044">
        <ele>-1.2</ele>
      </trkpt>
      <trkpt lat="51.11112" lon="4.2506">
        <ele>-1.6</ele>
      </trkpt>
      <trkpt lat="51.11116" lon="4.25067">
        <ele>-1.6</ele>
      </trkpt>
      <trkpt lat="51.11117" lon="4.25086">
        <ele>-1.4</ele>
      </trkpt>
      <trkpt lat="51.11114" lon="4.25106">
        <ele>-1.1</ele>
      </trkpt>
      <trkpt lat="51.11124" lon="4.25103">
        <ele>-1.3</ele>
      </trkpt>
      <trkpt lat="51.11133" lon="4.25102">
        <ele>-1.4</ele>
      </trkpt>
      <trkpt lat="51.11139" lon="4.25106">
        <ele>-1.4</ele>
      </trkpt>
      <trkpt lat="51.11155" lon="4.25138">
        <ele>-1.2</ele>
      </trkpt>
      <trkpt lat="51.11163" lon="4.25152">
        <ele>-1.1</ele>
      </trkpt>
      <trkpt lat="51.11196" lon="4.25192">
        <ele>-1.0</ele>
      </trkpt>
      <trkpt lat="51.11238" lon="4.25237">
        <ele>-1.0</ele>
      </trkpt>
      <trkpt lat="51.11249" lon="4.25247">
        <ele>-1.0</ele>
      </trkpt>
      <trkpt lat="51.11263" lon="4.25256">
        <ele>-0.8</ele>
      </trkpt>
      <trkpt lat="51.11279" lon="4.25265">
        <ele>-0.6</ele>
      </trkpt>
      <trkpt lat="51.11289" lon="4.25268">
        <ele>-0.5</ele>
      </trkpt>
      <trkpt lat="51.11293" lon="4.25268">
        <ele>-0.5</ele>
      </trkpt>
      <trkpt lat="51.11298" lon="4.25269">
        <ele>-0.5</ele>
      </trkpt>
      <trkpt lat="51.11303" lon="4.25277">
        <ele>-0.5</ele>
      </trkpt>
      <trkpt lat="51.11307" lon="4.25279">
        <ele>-0.4</ele>
      </trkpt>
      <trkpt lat="51.11317" lon="4.25281">
        <ele>-0.4</ele>
      </trkpt>
      <trkpt lat="51.11329" lon="4.25275">
        <ele>-0.3</ele>
      </trkpt>
      <trkpt lat="51.11329" lon="4.25275">
        <ele>-0.3</ele>
      </trkpt>
      <trkpt lat="51.11321" lon="4.25279">
        <ele>-0.4</ele>
      </trkpt>
      <trkpt lat="51.11321" lon="4.25279">
        <ele>-0.4</ele>
      </trkpt>
      <trkpt lat="51.11332" lon="4.25273">
        <ele>-0.3</ele>
      </trkpt>
      <trkpt lat="51.11333" lon="4.25275">
        <ele>-0.3</ele>
      </trkpt>
      <trkpt lat="51.11333" lon="4.25275">
        <ele>-0.3</ele>
      </trkpt>
      <trkpt lat="51.11333" lon="4.25275">
        <ele>-0.3</ele>
      </trkpt>
      <trkpt lat="51.11337" lon="4.25286">
        <ele>-0.4</ele>
      </trkpt>
      <trkpt lat="51.1135" lon="4.25312">
        <ele>-0.2</ele>
      </trkpt>
      <trkpt lat="51.11357" lon="4.2532">
        <ele>-0.1</ele>
      </trkpt>
      <trkpt lat="51.11388" lon="4.25346">
        <ele>1.0</ele>
      </trkpt>
      <trkpt lat="51.11392" lon="4.25354">
        <ele>1.1</ele>
      </trkpt>
      <trkpt lat="51.11393" lon="4.25365">
        <ele>1.1</ele>
      </trkpt>
      <trkpt lat="51.11398" lon="4.25415">
        <ele>1.3</ele>
      </trkpt>
      <trkpt lat="51.11409" lon="4.25545">
        <ele>1.4</ele>
      </trkpt>
      <trkpt lat="51.11409" lon="4.25553">
        <ele>1.5</ele>
      </trkpt>
      <trkpt lat="51.11409" lon="4.25564">
        <ele>1.7</ele>
      </trkpt>
      <trkpt lat="51.11407" lon="4.25583">
        <ele>1.9</ele>
      </trkpt>
      <trkpt lat="51.11405" lon="4.25592">
        <ele>2.0</ele>
      </trkpt>
      <trkpt lat="51.11396" lon="4.25617">
        <ele>2.2</ele>
      </trkpt>
      <trkpt lat="51.1139" lon="4.2563">
        <ele>2.2</ele>
      </trkpt>
      <trkpt lat="51.11362" lon="4.25674">
        <ele>2.3</ele>
      </trkpt>
      <trkpt lat="51.11357" lon="4.25688">
        <ele>2.3</ele>
      </trkpt>
      <trkpt lat="51.1135" lon="4.25709">
        <ele>2.2</ele>
      </trkpt>
      <trkpt lat="51.11329" lon="4.25809">
        <ele>2.0</ele>
      </trkpt>
      <trkpt lat="51.11325" lon="4.25832">
        <ele>2.0</ele>
      </trkpt>
      <trkpt lat="51.11325" lon="4.25849">
        <ele>2.0</ele>
      </trkpt>
      <trkpt lat="51.11325" lon="4.25862">
        <ele>2.0</ele>
      </trkpt>
      <trkpt lat="51.11326" lon="4.2587">
        <ele>2.0</ele>
      </trkpt>
      <trkpt lat="51.11344" lon="4.25946">
        <ele>2.2</ele>
      </trkpt>
      <trkpt lat="51.11361" lon="4.26027">
        <ele>2.6</ele>
      </trkpt>
      <trkpt lat="51.11382" lon="4.26108">
        <ele>2.1</ele>
      </trkpt>
      <trkpt lat="51.11395" lon="4.26129">
        <ele>1.8</ele>
      </trkpt>
      <trkpt lat="51.11444" lon="4.26164">
        <ele>0.7</ele>
      </trkpt>
      <trkpt lat="51.1149" lon="4.262">
        <ele>0.5</ele>
      </trkpt>
      <trkpt lat="51.11504" lon="4.2622">
        <ele>0.6</ele>
      </trkpt>
      <trkpt lat="51.11511" lon="4.26238">
        <ele>0.7</ele>
      </trkpt>
      <trkpt lat="51.11515" lon="4.26274">
        <ele>1.3</ele>
      </trkpt>
      <trkpt lat="51.11513" lon="4.2631">
        <ele>2.1</ele>
      </trkpt>
      <trkpt lat="51.11489" lon="4.26399">
        <ele>3.2</ele>
      </trkpt>
      <trkpt lat="51.11486" lon="4.26424">
        <ele>3.4</ele>
      </trkpt>
      <trkpt lat="51.11485" lon="4.26438">
        <ele>3.7</ele>
      </trkpt>
      <trkpt lat="51.1149" lon="4.26476">
        <ele>4.0</ele>
      </trkpt>
      <trkpt lat="51.1149" lon="4.26501">
        <ele>4.4</ele>
      </trkpt>
      <trkpt lat="51.11488" lon="4.26519">
        <ele>4.4</ele>
      </trkpt>
      <trkpt lat="51.11476" lon="4.26566">
        <ele>4.9</ele>
      </trkpt>
      <trkpt lat="51.11474" lon="4.26582">
        <ele>4.9</ele>
      </trkpt>
      <trkpt lat="51.11474" lon="4.26599">
        <ele>4.7</ele>
      </trkpt>
      <trkpt lat="51.11477" lon="4.26622">
        <ele>4.4</ele>
      </trkpt>
      <trkpt lat="51.11484" lon="4.2665">
        <ele>3.8</ele>
      </trkpt>
      <trkpt lat="51.1149" lon="4.26681">
        <ele>3.2</ele>
      </trkpt>
      <trkpt lat="51.11493" lon="4.26709">
        <ele>2.7</ele>
      </trkpt>
      <trkpt lat="51.11495" lon="4.26737">
        <ele>2.3</ele>
      </trkpt>
      <trkpt lat="51.11494" lon="4.26747">
        <ele>2.2</ele>
      </trkpt>
      <trkpt lat="51.1149" lon="4.26755">
        <ele>2.2</ele>
      </trkpt>
      <trkpt lat="51.11484" lon="4.26759">
        <ele>2.3</ele>
      </trkpt>
      <trkpt lat="51.11408" lon="4.26798">
        <ele>3.2</ele>
      </trkpt>
      <trkpt lat="51.11333" lon="4.26836">
        <ele>5.0</ele>
      </trkpt>
      <trkpt lat="51.11271" lon="4.26871">
        <ele>5.8</ele>
      </trkpt>
      <trkpt lat="51.11209" lon="4.26906">
        <ele>3.4</ele>
      </trkpt>
      <trkpt lat="51.11133" lon="4.26948">
        <ele>2.2</ele>
      </trkpt>
      <trkpt lat="51.11058" lon="4.26989">
        <ele>3.8</ele>
      </trkpt>
      <trkpt lat="51.10982" lon="4.2703">
        <ele>4.6</ele>
      </trkpt>
      <trkpt lat="51.1098" lon="4.27023">
        <ele>4.5</ele>
      </trkpt>
      <trkpt lat="51.10963" lon="4.27024">
        <ele>4.1</ele>
      </trkpt>
      <trkpt lat="51.10958" lon="4.27032">
        <ele>4.0</ele>
      </trkpt>
      <trkpt lat="51.1095" lon="4.27036">
        <ele>3.8</ele>
      </trkpt>
      <trkpt lat="51.10898" lon="4.27065">
        <ele>3.4</ele>
      </trkpt>
      <trkpt lat="51.10847" lon="4.27094">
        <ele>4.5</ele>
      </trkpt>
      <trkpt lat="51.10782" lon="4.27134">
        <ele>5.3</ele>
      </trkpt>
      <trkpt lat="51.1078" lon="4.2713">
        <ele>5.2</ele>
      </trkpt>
      <trkpt lat="51.1078" lon="4.27131">
        <ele>5.3</ele>
      </trkpt>
      <trkpt lat="51.1078" lon="4.27131">
        <ele>5.3</ele>
      </trkpt>
      <trkpt lat="51.1078" lon="4.27131">
        <ele>5.3</ele>
      </trkpt>
      <trkpt lat="51.10771" lon="4.27118">
        <ele>5.1</ele>
      </trkpt>
      <trkpt lat="51.10758" lon="4.27103">
        <ele>4.7</ele>
      </trkpt>
      <trkpt lat="51.10684" lon="4.27062">
        <ele>4.3</ele>
      </trkpt>
      <trkpt lat="51.10611" lon="4.27021">
        <ele>4.5</ele>
      </trkpt>
      <trkpt lat="51.10551" lon="4.26985">
        <ele>5.4</ele>
      </trkpt>
      <trkpt lat="51.10491" lon="4.26949">
        <ele>5.8</ele>
      </trkpt>
      <trkpt lat="51.10431" lon="4.26914">
        <ele>5.8</ele>
      </trkpt>
      <trkpt lat="51.10409" lon="4.26899">
        <ele>5.8</ele>
      </trkpt>
      <trkpt lat="51.10409" lon="4.26899">
        <ele>5.8</ele>
      </trkpt>
      <trkpt lat="51.10409" lon="4.26899">
        <ele>5.8</ele>
      </trkpt>
      <trkpt lat="51.10403" lon="4.26893">
        <ele>5.8</ele>
      </trkpt>
      <trkpt lat="51.10366" lon="4.26884">
        <ele>5.8</ele>
      </trkpt>
      <trkpt lat="51.10331" lon="4.26881">
        <ele>6.0</ele>
      </trkpt>
      <trkpt lat="51.1033" lon="4.26881">
        <ele>6.0</ele>
      </trkpt>
      <trkpt lat="51.1033" lon="4.26881">
        <ele>6.0</ele>
      </trkpt>
      <trkpt lat="51.1033" lon="4.26908">
        <ele>6.0</ele>
      </trkpt>
      <trkpt lat="51.10327" lon="4.26956">
        <ele>6.4</ele>
      </trkpt>
      <trkpt lat="51.10319" lon="4.27033">
        <ele>6.7</ele>
      </trkpt>
      <trkpt lat="51.10317" lon="4.27052">
        <ele>6.6</ele>
      </trkpt>
      <trkpt lat="51.10321" lon="4.27055">
        <ele>6.7</ele>
      </trkpt>
      <trkpt lat="51.10321" lon="4.27055">
        <ele>6.7</ele>
      </trkpt>
      <trkpt lat="51.10338" lon="4.27065">
        <ele>7.0</ele>
      </trkpt>
      <trkpt lat="51.10338" lon="4.27065">
        <ele>7.0</ele>
      </trkpt>
      <trkpt lat="51.10375" lon="4.27084">
        <ele>6.5</ele>
      </trkpt>
      <trkpt lat="51.10452" lon="4.27126">
        <ele>5.0</ele>
      </trkpt>
      <trkpt lat="51.10452" lon="4.27127">
        <ele>5.0</ele>
      </trkpt>
      <trkpt lat="51.10454" lon="4.27128">
        <ele>4.9</ele>
      </trkpt>
      <trkpt lat="51.1044" lon="4.27187">
        <ele>4.4</ele>
      </trkpt>
      <trkpt lat="51.1044" lon="4.27187">
        <ele>4.4</ele>
      </trkpt>
      <trkpt lat="51.10513" lon="4.27214">
        <ele>4.7</ele>
      </trkpt>
      <trkpt lat="51.10585" lon="4.27241">
        <ele>6.0</ele>
      </trkpt>
      <trkpt lat="51.10581" lon="4.27258">
        <ele>6.2</ele>
      </trkpt>
      <trkpt lat="51.10581" lon="4.27258">
        <ele>6.2</ele>
      </trkpt>
      <trkpt lat="51.10567" lon="4.27326">
        <ele>7.6</ele>
      </trkpt>
      <trkpt lat="51.10564" lon="4.27333">
        <ele>7.8</ele>
      </trkpt>
      <trkpt lat="51.10556" lon="4.27336">
        <ele>7.7</ele>
      </trkpt>
      <trkpt lat="51.1047" lon="4.27302">
        <ele>6.8</ele>
      </trkpt>
      <trkpt lat="51.10469" lon="4.27302">
        <ele>6.9</ele>
      </trkpt>
      <trkpt lat="51.10461" lon="4.27299">
        <ele>6.9</ele>
      </trkpt>
      <trkpt lat="51.10458" lon="4.27351">
        <ele>8.2</ele>
      </trkpt>
      <trkpt lat="51.10462" lon="4.27353">
        <ele>8.1</ele>
      </trkpt>
      <trkpt lat="51.10462" lon="4.27353">
        <ele>8.1</ele>
      </trkpt>
      <trkpt lat="51.10489" lon="4.27364">
        <ele>7.4</ele>
      </trkpt>
      <trkpt lat="51.10489" lon="4.27364">
        <ele>7.4</ele>
      </trkpt>
      <trkpt lat="51.10532" lon="4.2738">
        <ele>7.4</ele>
      </trkpt>
      <trkpt lat="51.10589" lon="4.27405">
        <ele>8.1</ele>
      </trkpt>
      <trkpt lat="51.10646" lon="4.27429">
        <ele>9.6</ele>
      </trkpt>
      <trkpt lat="51.1073" lon="4.27461">
        <ele>7.8</ele>
      </trkpt>
      <trkpt lat="51.10814" lon="4.27493">
        <ele>7.4</ele>
      </trkpt>
      <trkpt lat="51.10898" lon="4.27525">
        <ele>4.7</ele>
      </trkpt>
      <trkpt lat="51.10905" lon="4.27527">
        <ele>4.5</ele>
      </trkpt>
      <trkpt lat="51.10926" lon="4.27525">
        <ele>3.9</ele>
      </trkpt>
      <trkpt lat="51.10926" lon="4.27525">
        <ele>3.9</ele>
      </trkpt>
      <trkpt lat="51.10926" lon="4.27525">
        <ele>3.9</ele>
      </trkpt>
      <trkpt lat="51.10929" lon="4.27525">
        <ele>3.8</ele>
      </trkpt>
      <trkpt lat="51.10965" lon="4.27573">
        <ele>2.6</ele>
      </trkpt>
      <trkpt lat="51.11002" lon="4.2762">
        <ele>0.5</ele>
      </trkpt>
      <trkpt lat="51.11023" lon="4.27693">
        <ele>0.0</ele>
      </trkpt>
      <trkpt lat="51.11058" lon="4.27778">
        <ele>0.1</ele>
      </trkpt>
      <trkpt lat="51.11094" lon="4.27864">
        <ele>0.0</ele>
      </trkpt>
      <trkpt lat="51.11102" lon="4.27888">
        <ele>0.0</ele>
      </trkpt>
      <trkpt lat="51.11118" lon="4.27968">
        <ele>-0.3</ele>
      </trkpt>
      <trkpt lat="51.11135" lon="4.2806">
        <ele>-0.6</ele>
      </trkpt>
      <trkpt lat="51.11155" lon="4.28136">
        <ele>-0.2</ele>
      </trkpt>
      <trkpt lat="51.11155" lon="4.28136">
        <ele>-0.2</ele>
      </trkpt>
      <trkpt lat="51.11184" lon="4.28243">
        <ele>0.0</ele>
      </trkpt>
      <trkpt lat="51.11213" lon="4.28349">
        <ele>0.4</ele>
      </trkpt>
      <trkpt lat="51.11243" lon="4.28456">
        <ele>-0.5</ele>
      </trkpt>
      <trkpt lat="51.11281" lon="4.28578">
        <ele>-0.6</ele>
      </trkpt>
      <trkpt lat="51.11319" lon="4.28686">
        <ele>-0.2</ele>
      </trkpt>
      <trkpt lat="51.11358" lon="4.28794">
        <ele>0.0</ele>
      </trkpt>
      <trkpt lat="51.11369" lon="4.28828">
        <ele>0.0</ele>
      </trkpt>
      <trkpt lat="51.11375" lon="4.28855">
        <ele>-0.1</ele>
      </trkpt>
      <trkpt lat="51.11388" lon="4.28934">
        <ele>-0.3</ele>
      </trkpt>
      <trkpt lat="51.11399" lon="4.28987">
        <ele>0.3</ele>
      </trkpt>
      <trkpt lat="51.11418" lon="4.29061">
        <ele>1.0</ele>
      </trkpt>
      <trkpt lat="51.11437" lon="4.29136">
        <ele>0.7</ele>
      </trkpt>
      <trkpt lat="51.1144" lon="4.29151">
        <ele>0.7</ele>
      </trkpt>
      <trkpt lat="51.11444" lon="4.29193">
        <ele>0.4</ele>
      </trkpt>
      <trkpt lat="51.11445" lon="4.29316">
        <ele>-1.7</ele>
      </trkpt>
      <trkpt lat="51.11445" lon="4.29316">
        <ele>-1.7</ele>
      </trkpt>
      <trkpt lat="51.11445" lon="4.2933">
        <ele>-1.9</ele>
      </trkpt>
      <trkpt lat="51.11447" lon="4.29363">
        <ele>-2.0</ele>
      </trkpt>
      <trkpt lat="51.1145" lon="4.2938">
        <ele>-2.0</ele>
      </trkpt>
      <trkpt lat="51.11454" lon="4.29392">
        <ele>-2.0</ele>
      </trkpt>
      <trkpt lat="51.11461" lon="4.29405">
        <ele>-2.0</ele>
      </trkpt>
      <trkpt lat="51.11475" lon="4.29422">
        <ele>-2.0</ele>
      </trkpt>
      <trkpt lat="51.11491" lon="4.29432">
        <ele>-2.0</ele>
      </trkpt>
      <trkpt lat="51.11548" lon="4.2945">
        <ele>-0.2</ele>
      </trkpt>
      <trkpt lat="51.11606" lon="4.29468">
        <ele>1.4</ele>
      </trkpt>
      <trkpt lat="51.11665" lon="4.29484">
        <ele>2.9</ele>
      </trkpt>
      <trkpt lat="51.11737" lon="4.29495">
        <ele>3.8</ele>
      </trkpt>
      <trkpt lat="51.11809" lon="4.29507">
        <ele>1.1</ele>
      </trkpt>
      <trkpt lat="51.11824" lon="4.29511">
        <ele>0.4</ele>
      </trkpt>
      <trkpt lat="51.11835" lon="4.29517">
        <ele>0.0</ele>
      </trkpt>
      <trkpt lat="51.11835" lon="4.29519">
        <ele>0.0</ele>
      </trkpt>
      <trkpt lat="51.11834" lon="4.29519">
        <ele>0.0</ele>
      </trkpt>
      <trkpt lat="51.11835" lon="4.29519">
        <ele>0.0</ele>
      </trkpt>
      <trkpt lat="51.11835" lon="4.29517">
        <ele>0.0</ele>
      </trkpt>
      <trkpt lat="51.11883" lon="4.29553">
        <ele>0.6</ele>
      </trkpt>
      <trkpt lat="51.11932" lon="4.29588">
        <ele>1.1</ele>
      </trkpt>
      <trkpt lat="51.11943" lon="4.29592">
        <ele>1.3</ele>
      </trkpt>
      <trkpt lat="51.11954" lon="4.29591">
        <ele>1.4</ele>
      </trkpt>
      <trkpt lat="51.11976" lon="4.29578">
        <ele>1.7</ele>
      </trkpt>
      <trkpt lat="51.12037" lon="4.29532">
        <ele>2.4</ele>
      </trkpt>
      <trkpt lat="51.12098" lon="4.29486">
        <ele>3.5</ele>
      </trkpt>
      <trkpt lat="51.12159" lon="4.2944">
        <ele>1.7</ele>
      </trkpt>
      <trkpt lat="51.12171" lon="4.29431">
        <ele>1.6</ele>
      </trkpt>
      <trkpt lat="51.12198" lon="4.29562">
        <ele>0.0</ele>
      </trkpt>
      <trkpt lat="51.122" lon="4.29565">
        <ele>0.0</ele>
      </trkpt>
      <trkpt lat="51.12196" lon="4.29699">
        <ele>0.6</ele>
      </trkpt>
      <trkpt lat="51.12192" lon="4.29832">
        <ele>0.0</ele>
      </trkpt>
      <trkpt lat="51.12188" lon="4.29966">
        <ele>0.0</ele>
      </trkpt>
      <trkpt lat="51.12184" lon="4.30107">
        <ele>0.0</ele>
      </trkpt>
      <trkpt lat="51.12184" lon="4.30167">
        <ele>0.0</ele>
      </trkpt>
      <trkpt lat="51.12177" lon="4.30214">
        <ele>0.0</ele>
      </trkpt>
      <trkpt lat="51.1217" lon="4.30233">
        <ele>0.0</ele>
      </trkpt>
      <trkpt lat="51.12164" lon="4.30239">
        <ele>0.0</ele>
      </trkpt>
      <trkpt lat="51.12155" lon="4.30242">
        <ele>0.0</ele>
      </trkpt>
      <trkpt lat="51.12139" lon="4.30243">
        <ele>0.0</ele>
      </trkpt>
      <trkpt lat="51.12129" lon="4.3024">
        <ele>0.0</ele>
      </trkpt>
      <trkpt lat="51.12044" lon="4.30203">
        <ele>0.0</ele>
      </trkpt>
      <trkpt lat="51.11959" lon="4.30166">
        <ele>0.0</ele>
      </trkpt>
      <trkpt lat="51.11959" lon="4.30166">
        <ele>0.0</ele>
      </trkpt>
      <trkpt lat="51.11943" lon="4.30163">
        <ele>0.0</ele>
      </trkpt>
      <trkpt lat="51.11904" lon="4.30168">
        <ele>0.3</ele>
      </trkpt>
      <trkpt lat="51.11882" lon="4.30181">
        <ele>0.9</ele>
      </trkpt>
      <trkpt lat="51.11872" lon="4.30163">
        <ele>1.0</ele>
      </trkpt>
      <trkpt lat="51.11821" lon="4.30138">
        <ele>1.7</ele>
      </trkpt>
      <trkpt lat="51.1177" lon="4.30114">
        <ele>2.5</ele>
      </trkpt>
      <trkpt lat="51.11763" lon="4.30101">
        <ele>2.3</ele>
      </trkpt>
      <trkpt lat="51.11688" lon="4.30096">
        <ele>3.0</ele>
      </trkpt>
      <trkpt lat="51.11644" lon="4.30022">
        <ele>2.0</ele>
      </trkpt>
      <trkpt lat="51.11635" lon="4.30013">
        <ele>1.8</ele>
      </trkpt>
      <trkpt lat="51.11575" lon="4.29988">
        <ele>0.8</ele>
      </trkpt>
      <trkpt lat="51.11504" lon="4.29952">
        <ele>-0.1</ele>
      </trkpt>
      <trkpt lat="51.11433" lon="4.29916">
        <ele>0.6</ele>
      </trkpt>
      <trkpt lat="51.11433" lon="4.29916">
        <ele>0.6</ele>
      </trkpt>
      <trkpt lat="51.11433" lon="4.29916">
        <ele>0.6</ele>
      </trkpt>
      <trkpt lat="51.11374" lon="4.29885">
        <ele>0.8</ele>
      </trkpt>
      <trkpt lat="51.11318" lon="4.29857">
        <ele>1.0</ele>
      </trkpt>
      <trkpt lat="51.11262" lon="4.29829">
        <ele>1.0</ele>
      </trkpt>
      <trkpt lat="51.1119" lon="4.2979">
        <ele>0.6</ele>
      </trkpt>
      <trkpt lat="51.11181" lon="4.29791">
        <ele>0.6</ele>
      </trkpt>
      <trkpt lat="51.11108" lon="4.29866">
        <ele>0.3</ele>
      </trkpt>
      <trkpt lat="51.11035" lon="4.2994">
        <ele>1.3</ele>
      </trkpt>
      <trkpt lat="51.10962" lon="4.30014">
        <ele>2.0</ele>
      </trkpt>
      <trkpt lat="51.10948" lon="4.30033">
        <ele>1.6</ele>
      </trkpt>
      <trkpt lat="51.10908" lon="4.30094">
        <ele>0.9</ele>
      </trkpt>
      <trkpt lat="51.10848" lon="4.30156">
        <ele>0.1</ele>
      </trkpt>
      <trkpt lat="51.10787" lon="4.30218">
        <ele>0.6</ele>
      </trkpt>
      <trkpt lat="51.10733" lon="4.30271">
        <ele>1.0</ele>
      </trkpt>
      <trkpt lat="51.10692" lon="4.30313">
        <ele>0.9</ele>
      </trkpt>
      <trkpt lat="51.1065" lon="4.30355">
        <ele>1.1</ele>
      </trkpt>
      <trkpt lat="51.1065" lon="4.30355">
        <ele>1.1</ele>
      </trkpt>
      <trkpt lat="51.10582" lon="4.30423">
        <ele>0.9</ele>
      </trkpt>
      <trkpt lat="51.10515" lon="4.30492">
        <ele>0.8</ele>
      </trkpt>
      <trkpt lat="51.10482" lon="4.30525">
        <ele>0.8</ele>
      </trkpt>
      <trkpt lat="51.10422" lon="4.30593">
        <ele>0.1</ele>
      </trkpt>
      <trkpt lat="51.10363" lon="4.30661">
        <ele>1.2</ele>
      </trkpt>
      <trkpt lat="51.10304" lon="4.30729">
        <ele>0.4</ele>
      </trkpt>
      <trkpt lat="51.10244" lon="4.30797">
        <ele>-0.3</ele>
      </trkpt>
      <trkpt lat="51.10185" lon="4.30865">
        <ele>1.4</ele>
      </trkpt>
      <trkpt lat="51.10145" lon="4.30912">
        <ele>1.1</ele>
      </trkpt>
      <trkpt lat="51.10104" lon="4.3096">
        <ele>-0.3</ele>
      </trkpt>
      <trkpt lat="51.10104" lon="4.3096">
        <ele>-0.3</ele>
      </trkpt>
      <trkpt lat="51.10063" lon="4.31005">
        <ele>-1.7</ele>
      </trkpt>
      <trkpt lat="51.1005" lon="4.3103">
        <ele>-1.4</ele>
      </trkpt>
      <trkpt lat="51.10005" lon="4.31115">
        <ele>-0.6</ele>
      </trkpt>
      <trkpt lat="51.0996" lon="4.31199">
        <ele>0.0</ele>
      </trkpt>
      <trkpt lat="51.09915" lon="4.31284">
        <ele>0.0</ele>
      </trkpt>
      <trkpt lat="51.0987" lon="4.31369">
        <ele>-0.7</ele>
      </trkpt>
      <trkpt lat="51.0987" lon="4.31369">
        <ele>-0.7</ele>
      </trkpt>
      <trkpt lat="51.09834" lon="4.31439">
        <ele>-0.7</ele>
      </trkpt>
      <trkpt lat="51.09797" lon="4.31509">
        <ele>0.0</ele>
      </trkpt>
      <trkpt lat="51.09772" lon="4.31586">
        <ele>0.0</ele>
      </trkpt>
      <trkpt lat="51.09747" lon="4.31663">
        <ele>0.0</ele>
      </trkpt>
      <trkpt lat="51.09725" lon="4.31735">
        <ele>-0.1</ele>
      </trkpt>
      <trkpt lat="51.09711" lon="4.31775">
        <ele>0.1</ele>
      </trkpt>
      <trkpt lat="51.09703" lon="4.31797">
        <ele>0.3</ele>
      </trkpt>
      <trkpt lat="51.09703" lon="4.31797">
        <ele>0.3</ele>
      </trkpt>
      <trkpt lat="51.09703" lon="4.31797">
        <ele>0.3</ele>
      </trkpt>
      <trkpt lat="51.09675" lon="4.31876">
        <ele>0.9</ele>
      </trkpt>
      <trkpt lat="51.0966" lon="4.31904">
        <ele>0.9</ele>
      </trkpt>
      <trkpt lat="51.09648" lon="4.31923">
        <ele>0.7</ele>
      </trkpt>
      <trkpt lat="51.09626" lon="4.31998">
        <ele>-0.5</ele>
      </trkpt>
      <trkpt lat="51.09604" lon="4.32074">
        <ele>-0.8</ele>
      </trkpt>
      <trkpt lat="51.09585" lon="4.32194">
        <ele>-1.6</ele>
      </trkpt>
      <trkpt lat="51.09565" lon="4.32314">
        <ele>0.0</ele>
      </trkpt>
      <trkpt lat="51.09545" lon="4.32434">
        <ele>0.5</ele>
      </trkpt>
      <trkpt lat="51.09525" lon="4.32554">
        <ele>0.7</ele>
      </trkpt>
      <trkpt lat="51.09525" lon="4.32554">
        <ele>0.7</ele>
      </trkpt>
      <trkpt lat="51.0951" lon="4.32641">
        <ele>0.9</ele>
      </trkpt>
      <trkpt lat="51.09485" lon="4.3276">
        <ele>0.5</ele>
      </trkpt>
      <trkpt lat="51.0946" lon="4.32878">
        <ele>-0.5</ele>
      </trkpt>
      <trkpt lat="51.09435" lon="4.32997">
        <ele>-0.8</ele>
      </trkpt>
      <trkpt lat="51.0941" lon="4.33116">
        <ele>-0.7</ele>
      </trkpt>
      <trkpt lat="51.09405" lon="4.33134">
        <ele>-0.6</ele>
      </trkpt>
      <trkpt lat="51.09388" lon="4.33177">
        <ele>-0.6</ele>
      </trkpt>
      <trkpt lat="51.09369" lon="4.33211">
        <ele>-0.8</ele>
      </trkpt>
      <trkpt lat="51.09359" lon="4.33224">
        <ele>-0.9</ele>
      </trkpt>
      <trkpt lat="51.09336" lon="4.33286">
        <ele>-0.5</ele>
      </trkpt>
      <trkpt lat="51.09312" lon="4.33348">
        <ele>0.3</ele>
      </trkpt>
      <trkpt lat="51.09291" lon="4.3339">
        <ele>0.5</ele>
      </trkpt>
      <trkpt lat="51.09289" lon="4.33388">
        <ele>0.5</ele>
      </trkpt>
      <trkpt lat="51.09289" lon="4.33388">
        <ele>0.5</ele>
      </trkpt>
      <trkpt lat="51.09234" lon="4.33328">
        <ele>0.9</ele>
      </trkpt>
      <trkpt lat="51.09228" lon="4.33321">
        <ele>0.9</ele>
      </trkpt>
      <trkpt lat="51.09221" lon="4.33307">
        <ele>1.0</ele>
      </trkpt>
      <trkpt lat="51.09215" lon="4.33291">
        <ele>1.1</ele>
      </trkpt>
      <trkpt lat="51.09195" lon="4.33212">
        <ele>1.6</ele>
      </trkpt>
      <trkpt lat="51.09176" lon="4.33132">
        <ele>1.6</ele>
      </trkpt>
      <trkpt lat="51.09175" lon="4.33127">
        <ele>1.6</ele>
      </trkpt>
      <trkpt lat="51.09176" lon="4.33122">
        <ele>1.5</ele>
      </trkpt>
      <trkpt lat="51.09173" lon="4.33117">
        <ele>1.4</ele>
      </trkpt>
      <trkpt lat="51.09155" lon="4.33046">
        <ele>0.4</ele>
      </trkpt>
      <trkpt lat="51.09148" lon="4.33023">
        <ele>0.2</ele>
      </trkpt>
      <trkpt lat="51.09133" lon="4.3299">
        <ele>0.0</ele>
      </trkpt>
      <trkpt lat="51.09096" lon="4.32919">
        <ele>0.8</ele>
      </trkpt>
      <trkpt lat="51.09094" lon="4.32916">
        <ele>0.9</ele>
      </trkpt>
      <trkpt lat="51.09091" lon="4.32918">
        <ele>0.9</ele>
      </trkpt>
      <trkpt lat="51.09089" lon="4.3292">
        <ele>0.9</ele>
      </trkpt>
      <trkpt lat="51.09084" lon="4.32926">
        <ele>0.9</ele>
      </trkpt>
      <trkpt lat="51.09066" lon="4.32955">
        <ele>0.5</ele>
      </trkpt>
      <trkpt lat="51.09048" lon="4.32994">
        <ele>0.4</ele>
      </trkpt>
      <trkpt lat="51.09016" lon="4.33079">
        <ele>0.6</ele>
      </trkpt>
      <trkpt lat="51.09008" lon="4.33096">
        <ele>0.6</ele>
      </trkpt>
      <trkpt lat="51.08995" lon="4.33117">
        <ele>0.6</ele>
      </trkpt>
      <trkpt lat="51.08984" lon="4.33131">
        <ele>0.3</ele>
      </trkpt>
      <trkpt lat="51.08964" lon="4.33153">
        <ele>0.1</ele>
      </trkpt>
      <trkpt lat="51.08951" lon="4.33167">
        <ele>0.0</ele>
      </trkpt>
      <trkpt lat="51.08923" lon="4.33184">
        <ele>0.0</ele>
      </trkpt>
      <trkpt lat="51.08913" lon="4.33185">
        <ele>0.0</ele>
      </trkpt>
      <trkpt lat="51.08913" lon="4.33185">
        <ele>0.0</ele>
      </trkpt>
      <trkpt lat="51.08908" lon="4.33184">
        <ele>0.1</ele>
      </trkpt>
      <trkpt lat="51.08897" lon="4.33175">
        <ele>0.2</ele>
      </trkpt>
      <trkpt lat="51.08874" lon="4.33147">
        <ele>0.4</ele>
      </trkpt>
      <trkpt lat="51.08857" lon="4.33131">
        <ele>0.4</ele>
      </trkpt>
      <trkpt lat="51.08852" lon="4.33128">
        <ele>0.4</ele>
      </trkpt>
      <trkpt lat="51.08811" lon="4.33111">
        <ele>0.5</ele>
      </trkpt>
      <trkpt lat="51.08805" lon="4.33118">
        <ele>0.6</ele>
      </trkpt>
      <trkpt lat="51.08805" lon="4.33118">
        <ele>0.6</ele>
      </trkpt>
      <trkpt lat="51.08805" lon="4.33118">
        <ele>0.6</ele>
      </trkpt>
      <trkpt lat="51.08802" lon="4.3312">
        <ele>0.7</ele>
      </trkpt>
      <trkpt lat="51.08795" lon="4.33102">
        <ele>0.6</ele>
      </trkpt>
      <trkpt lat="51.08782" lon="4.33081">
        <ele>0.6</ele>
      </trkpt>
      <trkpt lat="51.08769" lon="4.33064">
        <ele>0.8</ele>
      </trkpt>
      <trkpt lat="51.08742" lon="4.33018">
        <ele>0.8</ele>
      </trkpt>
      <trkpt lat="51.08688" lon="4.32937">
        <ele>0.1</ele>
      </trkpt>
      <trkpt lat="51.08688" lon="4.32937">
        <ele>0.1</ele>
      </trkpt>
      <trkpt lat="51.08682" lon="4.32927">
        <ele>0.1</ele>
      </trkpt>
      <trkpt lat="51.08624" lon="4.32843">
        <ele>0.4</ele>
      </trkpt>
      <trkpt lat="51.08579" lon="4.32775">
        <ele>0.7</ele>
      </trkpt>
      <trkpt lat="51.08534" lon="4.32707">
        <ele>1.0</ele>
      </trkpt>
      <trkpt lat="51.0849" lon="4.32639">
        <ele>1.2</ele>
      </trkpt>
      <trkpt lat="51.08434" lon="4.32554">
        <ele>1.3</ele>
      </trkpt>
      <trkpt lat="51.08379" lon="4.32468">
        <ele>1.0</ele>
      </trkpt>
      <trkpt lat="51.08324" lon="4.32383">
        <ele>1.0</ele>
      </trkpt>
      <trkpt lat="51.08284" lon="4.32323">
        <ele>1.5</ele>
      </trkpt>
      <trkpt lat="51.08244" lon="4.32264">
        <ele>2.1</ele>
      </trkpt>
      <trkpt lat="51.08239" lon="4.32254">
        <ele>2.1</ele>
      </trkpt>
      <trkpt lat="51.08235" lon="4.32244">
        <ele>2.2</ele>
      </trkpt>
      <trkpt lat="51.08228" lon="4.32253">
        <ele>2.3</ele>
      </trkpt>
      <trkpt lat="51.0822" lon="4.32264">
        <ele>2.3</ele>
      </trkpt>
      <trkpt lat="51.08209" lon="4.32287">
        <ele>2.3</ele>
      </trkpt>
      <trkpt lat="51.08181" lon="4.32368">
        <ele>1.6</ele>
      </trkpt>
      <trkpt lat="51.08168" lon="4.32396">
        <ele>1.2</ele>
      </trkpt>
      <trkpt lat="51.08161" lon="4.32409">
        <ele>1.1</ele>
      </trkpt>
      <trkpt lat="51.0811" lon="4.32483">
        <ele>0.7</ele>
      </trkpt>
      <trkpt lat="51.0811" lon="4.32483">
        <ele>0.7</ele>
      </trkpt>
      <trkpt lat="51.0811" lon="4.32483">
        <ele>0.7</ele>
      </trkpt>
      <trkpt lat="51.08095" lon="4.32504">
        <ele>0.8</ele>
      </trkpt>
      <trkpt lat="51.08094" lon="4.32494">
        <ele>0.9</ele>
      </trkpt>
      <trkpt lat="51.08095" lon="4.32474">
        <ele>0.9</ele>
      </trkpt>
      <trkpt lat="51.08087" lon="4.32387">
        <ele>1.0</ele>
      </trkpt>
      <trkpt lat="51.08081" lon="4.32331">
        <ele>1.0</ele>
      </trkpt>
      <trkpt lat="51.08072" lon="4.32276">
        <ele>0.9</ele>
      </trkpt>
      <trkpt lat="51.08054" lon="4.32177">
        <ele>0.6</ele>
      </trkpt>
      <trkpt lat="51.08042" lon="4.32141">
        <ele>0.7</ele>
      </trkpt>
      <trkpt lat="51.08038" lon="4.32126">
        <ele>0.7</ele>
      </trkpt>
      <trkpt lat="51.08036" lon="4.32128">
        <ele>0.7</ele>
      </trkpt>
      <trkpt lat="51.08036" lon="4.32128">
        <ele>0.7</ele>
      </trkpt>
      <trkpt lat="51.08038" lon="4.32126">
        <ele>0.7</ele>
      </trkpt>
      <trkpt lat="51.08037" lon="4.3212">
        <ele>0.8</ele>
      </trkpt>
      <trkpt lat="51.08038" lon="4.32115">
        <ele>0.8</ele>
      </trkpt>
      <trkpt lat="51.08037" lon="4.32099">
        <ele>0.9</ele>
      </trkpt>
      <trkpt lat="51.08016" lon="4.3199">
        <ele>1.0</ele>
      </trkpt>
      <trkpt lat="51.07995" lon="4.31881">
        <ele>1.0</ele>
      </trkpt>
      <trkpt lat="51.07974" lon="4.31773">
        <ele>0.9</ele>
      </trkpt>
      <trkpt lat="51.07958" lon="4.31682">
        <ele>1.0</ele>
      </trkpt>
      <trkpt lat="51.0795" lon="4.31651">
        <ele>1.2</ele>
      </trkpt>
      <trkpt lat="51.07938" lon="4.31588">
        <ele>1.9</ele>
      </trkpt>
      <trkpt lat="51.07927" lon="4.31527">
        <ele>2.6</ele>
      </trkpt>
      <trkpt lat="51.07904" lon="4.31403">
        <ele>3.8</ele>
      </trkpt>
      <trkpt lat="51.07882" lon="4.31284">
        <ele>3.0</ele>
      </trkpt>
      <trkpt lat="51.07879" lon="4.31273">
        <ele>2.8</ele>
      </trkpt>
      <trkpt lat="51.07872" lon="4.31259">
        <ele>2.6</ele>
      </trkpt>
      <trkpt lat="51.07871" lon="4.3125">
        <ele>2.5</ele>
      </trkpt>
      <trkpt lat="51.07868" lon="4.31221">
        <ele>2.3</ele>
      </trkpt>
      <trkpt lat="51.07853" lon="4.31145">
        <ele>1.9</ele>
      </trkpt>
      <trkpt lat="51.07831" lon="4.31021">
        <ele>2.1</ele>
      </trkpt>
      <trkpt lat="51.07831" lon="4.31021">
        <ele>2.1</ele>
      </trkpt>
      <trkpt lat="51.07814" lon="4.30924">
        <ele>1.8</ele>
      </trkpt>
      <trkpt lat="51.07792" lon="4.30813">
        <ele>1.0</ele>
      </trkpt>
      <trkpt lat="51.07771" lon="4.30703">
        <ele>1.1</ele>
      </trkpt>
      <trkpt lat="51.07767" lon="4.3068">
        <ele>1.2</ele>
      </trkpt>
      <trkpt lat="51.07767" lon="4.3068">
        <ele>1.2</ele>
      </trkpt>
      <trkpt lat="51.07767" lon="4.30684">
        <ele>1.2</ele>
      </trkpt>
      <trkpt lat="51.07754" lon="4.30678">
        <ele>1.0</ele>
      </trkpt>
      <trkpt lat="51.07735" lon="4.30674">
        <ele>1.2</ele>
      </trkpt>
      <trkpt lat="51.07702" lon="4.30672">
        <ele>1.6</ele>
      </trkpt>
      <trkpt lat="51.07637" lon="4.30672">
        <ele>2.0</ele>
      </trkpt>
      <trkpt lat="51.07572" lon="4.30672">
        <ele>2.3</ele>
      </trkpt>
      <trkpt lat="51.07506" lon="4.30673">
        <ele>4.0</ele>
      </trkpt>
      <trkpt lat="51.0749" lon="4.30669">
        <ele>4.4</ele>
      </trkpt>
      <trkpt lat="51.0748" lon="4.30663">
        <ele>4.6</ele>
      </trkpt>
      <trkpt lat="51.07442" lon="4.30635">
        <ele>5.1</ele>
      </trkpt>
      <trkpt lat="51.07434" lon="4.30626">
        <ele>5.0</ele>
      </trkpt>
      <trkpt lat="51.07434" lon="4.30626">
        <ele>5.0</ele>
      </trkpt>
      <trkpt lat="51.0743" lon="4.30622">
        <ele>5.0</ele>
      </trkpt>
      <trkpt lat="51.07422" lon="4.30609">
        <ele>4.8</ele>
      </trkpt>
      <trkpt lat="51.07419" lon="4.30601">
        <ele>4.6</ele>
      </trkpt>
      <trkpt lat="51.07414" lon="4.30579">
        <ele>3.9</ele>
      </trkpt>
      <trkpt lat="51.07397" lon="4.30497">
        <ele>2.5</ele>
      </trkpt>
      <trkpt lat="51.07383" lon="4.3042">
        <ele>4.3</ele>
      </trkpt>
      <trkpt lat="51.07368" lon="4.30342">
        <ele>5.0</ele>
      </trkpt>
      <trkpt lat="51.07344" lon="4.30216">
        <ele>3.6</ele>
      </trkpt>
      <trkpt lat="51.07319" lon="4.30091">
        <ele>3.2</ele>
      </trkpt>
      <trkpt lat="51.07318" lon="4.30074">
        <ele>3.2</ele>
      </trkpt>
      <trkpt lat="51.07301" lon="4.29996">
        <ele>3.4</ele>
      </trkpt>
      <trkpt lat="51.07301" lon="4.29996">
        <ele>3.4</ele>
      </trkpt>
      <trkpt lat="51.07281" lon="4.29907">
        <ele>3.6</ele>
      </trkpt>
      <trkpt lat="51.07278" lon="4.29885">
        <ele>3.7</ele>
      </trkpt>
      <trkpt lat="51.07269" lon="4.29785">
        <ele>3.5</ele>
      </trkpt>
      <trkpt lat="51.0727" lon="4.29784">
        <ele>3.5</ele>
      </trkpt>
      <trkpt lat="51.0727" lon="4.29784">
        <ele>3.5</ele>
      </trkpt>
      <trkpt lat="51.07269" lon="4.29785">
        <ele>3.5</ele>
      </trkpt>
      <trkpt lat="51.07183" lon="4.29804">
        <ele>3.1</ele>
      </trkpt>
      <trkpt lat="51.0717" lon="4.29813">
        <ele>3.0</ele>
      </trkpt>
      <trkpt lat="51.07135" lon="4.29839">
        <ele>3.0</ele>
      </trkpt>
      <trkpt lat="51.07122" lon="4.29844">
        <ele>3.0</ele>
      </trkpt>
      <trkpt lat="51.07103" lon="4.29847">
        <ele>3.0</ele>
      </trkpt>
      <trkpt lat="51.07066" lon="4.29846">
        <ele>2.8</ele>
      </trkpt>
      <trkpt lat="51.07052" lon="4.29847">
        <ele>2.6</ele>
      </trkpt>
      <trkpt lat="51.07045" lon="4.29848">
        <ele>2.5</ele>
      </trkpt>
      <trkpt lat="51.07034" lon="4.29852">
        <ele>2.4</ele>
      </trkpt>
      <trkpt lat="51.07015" lon="4.2987">
        <ele>2.2</ele>
      </trkpt>
      <trkpt lat="51.07015" lon="4.2987">
        <ele>2.2</ele>
      </trkpt>
      <trkpt lat="51.06974" lon="4.29913">
        <ele>1.7</ele>
      </trkpt>
      <trkpt lat="51.06923" lon="4.29953">
        <ele>1.0</ele>
      </trkpt>
      <trkpt lat="51.0691" lon="4.29967">
        <ele>1.0</ele>
      </trkpt>
      <trkpt lat="51.06895" lon="4.29984">
        <ele>1.0</ele>
      </trkpt>
      <trkpt lat="51.06862" lon="4.3003">
        <ele>1.0</ele>
      </trkpt>
      <trkpt lat="51.06813" lon="4.30106">
        <ele>1.0</ele>
      </trkpt>
      <trkpt lat="51.06802" lon="4.30124">
        <ele>1.1</ele>
      </trkpt>
      <trkpt lat="51.06785" lon="4.30158">
        <ele>1.2</ele>
      </trkpt>
      <trkpt lat="51.0677" lon="4.30197">
        <ele>1.5</ele>
      </trkpt>
      <trkpt lat="51.06767" lon="4.30217">
        <ele>1.6</ele>
      </trkpt>
      <trkpt lat="51.06746" lon="4.30334">
        <ele>2.0</ele>
      </trkpt>
      <trkpt lat="51.06732" lon="4.30387">
        <ele>2.0</ele>
      </trkpt>
      <trkpt lat="51.0672" lon="4.30422">
        <ele>2.1</ele>
      </trkpt>
      <trkpt lat="51.06707" lon="4.30452">
        <ele>2.4</ele>
      </trkpt>
      <trkpt lat="51.06689" lon="4.3049">
        <ele>2.9</ele>
      </trkpt>
      <trkpt lat="51.06689" lon="4.3049">
        <ele>2.9</ele>
      </trkpt>
      <trkpt lat="51.06673" lon="4.30524">
        <ele>3.0</ele>
      </trkpt>
      <trkpt lat="51.06628" lon="4.30614">
        <ele>3.2</ele>
      </trkpt>
      <trkpt lat="51.06582" lon="4.30704">
        <ele>3.4</ele>
      </trkpt>
      <trkpt lat="51.06536" lon="4.30795">
        <ele>4.0</ele>
      </trkpt>
      <trkpt lat="51.06491" lon="4.30885">
        <ele>3.9</ele>
      </trkpt>
      <trkpt lat="51.06459" lon="4.30938">
        <ele>3.4</ele>
      </trkpt>
      <trkpt lat="51.06432" lon="4.30976">
        <ele>2.6</ele>
      </trkpt>
      <trkpt lat="51.06393" lon="4.31028">
        <ele>1.7</ele>
      </trkpt>
      <trkpt lat="51.06354" lon="4.31079">
        <ele>1.2</ele>
      </trkpt>
      <trkpt lat="51.06354" lon="4.31079">
        <ele>1.2</ele>
      </trkpt>
      <trkpt lat="51.063172" lon="4.3099">
        <ele>1.1</ele>
      </trkpt>
      <trkpt lat="51.063172" lon="4.3099">
        <ele>1.1</ele>
      </trkpt>
      <trkpt lat="51.062461" lon="4.310456">
        <ele>1.0</ele>
      </trkpt>
      <trkpt lat="51.06247" lon="4.31045">
        <ele>1.0</ele>
      </trkpt>
      <trkpt lat="51.06249" lon="4.31054">
        <ele>1.0</ele>
      </trkpt>
      <trkpt lat="51.06228" lon="4.31071">
        <ele>1.3</ele>
      </trkpt>
      <trkpt lat="51.062138" lon="4.310798">
        <ele>1.4</ele>
      </trkpt>
      <trkpt lat="51.062066" lon="4.310606">
        <ele>1.5</ele>
      </trkpt>
      <trkpt lat="51.062087" lon="4.310167">
        <ele>1.5</ele>
      </trkpt>
      <trkpt lat="51.062087" lon="4.310167">
        <ele>1.5</ele>
      </trkpt>
      <trkpt lat="51.06156" lon="4.30858">
        <ele>0.7</ele>
      </trkpt>
      <trkpt lat="51.060981" lon="4.307542">
        <ele>1.1</ele>
      </trkpt>
      <trkpt lat="51.060981" lon="4.307542">
        <ele>1.1</ele>
      </trkpt>
      <trkpt lat="51.061861" lon="4.306409">
        <ele>1.8</ele>
      </trkpt>
      <trkpt lat="51.061861" lon="4.306409">
        <ele>1.8</ele>
      </trkpt>
      <trkpt lat="51.06078" lon="4.3042">
        <ele>2.0</ele>
      </trkpt>
      <trkpt lat="51.06078" lon="4.3042">
        <ele>2.0</ele>
      </trkpt>
      <trkpt lat="51.061" lon="4.30407">
        <ele>2.0</ele>
      </trkpt>
      <trkpt lat="51.06162" lon="4.30377">
        <ele>2.0</ele>
      </trkpt>
      <trkpt lat="51.06173" lon="4.30363">
        <ele>2.1</ele>
      </trkpt>
      <trkpt lat="51.06173" lon="4.30363">
        <ele>2.1</ele>
      </trkpt>
      <trkpt lat="51.06173" lon="4.30363">
        <ele>2.1</ele>
      </trkpt>
      <trkpt lat="51.06173" lon="4.30363">
        <ele>2.1</ele>
      </trkpt>
      <trkpt lat="51.06171" lon="4.30346">
        <ele>2.1</ele>
      </trkpt>
      <trkpt lat="51.06171" lon="4.30314">
        <ele>2.3</ele>
      </trkpt>
      <trkpt lat="51.06173" lon="4.30268">
        <ele>2.7</ele>
      </trkpt>
      <trkpt lat="51.06178" lon="4.30212">
        <ele>2.9</ele>
      </trkpt>
      <trkpt lat="51.06204" lon="4.30163">
        <ele>2.6</ele>
      </trkpt>
      <trkpt lat="51.06207" lon="4.30157">
        <ele>2.6</ele>
      </trkpt>
      <trkpt lat="51.06231" lon="4.30027">
        <ele>3.2</ele>
      </trkpt>
      <trkpt lat="51.06229" lon="4.30003">
        <ele>3.3</ele>
      </trkpt>
      <trkpt lat="51.06227" lon="4.30002">
        <ele>3.3</ele>
      </trkpt>
      <trkpt lat="51.06227" lon="4.30002">
        <ele>3.3</ele>
      </trkpt>
      <trkpt lat="51.0622" lon="4.29998">
        <ele>3.4</ele>
      </trkpt>
      <trkpt lat="51.06209" lon="4.29987">
        <ele>3.4</ele>
      </trkpt>
      <trkpt lat="51.06204" lon="4.2998">
        <ele>3.4</ele>
      </trkpt>
      <trkpt lat="51.06183" lon="4.2994">
        <ele>3.2</ele>
      </trkpt>
      <trkpt lat="51.06167" lon="4.2991">
        <ele>3.0</ele>
      </trkpt>
      <trkpt lat="51.06135" lon="4.29859">
        <ele>3.3</ele>
      </trkpt>
      <trkpt lat="51.06103" lon="4.29808">
        <ele>3.5</ele>
      </trkpt>
      <trkpt lat="51.06061" lon="4.29733">
        <ele>2.6</ele>
      </trkpt>
      <trkpt lat="51.06006" lon="4.29622">
        <ele>2.5</ele>
      </trkpt>
      <trkpt lat="51.05981" lon="4.29642">
        <ele>2.5</ele>
      </trkpt>
      <trkpt lat="51.05969" lon="4.29647">
        <ele>2.6</ele>
      </trkpt>
      <trkpt lat="51.05958" lon="4.29647">
        <ele>2.7</ele>
      </trkpt>
      <trkpt lat="51.05944" lon="4.29641">
        <ele>3.0</ele>
      </trkpt>
      <trkpt lat="51.05907" lon="4.29705">
        <ele>3.4</ele>
      </trkpt>
      <trkpt lat="51.05876" lon="4.29726">
        <ele>4.8</ele>
      </trkpt>
      <trkpt lat="51.05827" lon="4.29678">
        <ele>5.6</ele>
      </trkpt>
      <trkpt lat="51.0582" lon="4.29671">
        <ele>5.7</ele>
      </trkpt>
      <trkpt lat="51.05812" lon="4.29697">
        <ele>6.0</ele>
      </trkpt>
      <trkpt lat="51.05759" lon="4.29667">
        <ele>5.1</ele>
      </trkpt>
      <trkpt lat="51.05759" lon="4.29667">
        <ele>5.1</ele>
      </trkpt>
      <trkpt lat="51.05759" lon="4.29667">
        <ele>5.1</ele>
      </trkpt>
      <trkpt lat="51.05759" lon="4.29667">
        <ele>5.1</ele>
      </trkpt>
      <trkpt lat="51.05782" lon="4.29548">
        <ele>2.5</ele>
      </trkpt>
      <trkpt lat="51.05787" lon="4.29514">
        <ele>1.8</ele>
      </trkpt>
      <trkpt lat="51.05788" lon="4.29493">
        <ele>1.5</ele>
      </trkpt>
      <trkpt lat="51.05779" lon="4.29353">
        <ele>2.0</ele>
      </trkpt>
      <trkpt lat="51.05771" lon="4.29213">
        <ele>4.2</ele>
      </trkpt>
      <trkpt lat="51.05766" lon="4.29208">
        <ele>4.3</ele>
      </trkpt>
      <trkpt lat="51.05691" lon="4.2913">
        <ele>3.7</ele>
      </trkpt>
      <trkpt lat="51.05616" lon="4.29052">
        <ele>3.2</ele>
      </trkpt>
      <trkpt lat="51.05541" lon="4.28974">
        <ele>4.2</ele>
      </trkpt>
      <trkpt lat="51.05537" lon="4.2897">
        <ele>4.2</ele>
      </trkpt>
      <trkpt lat="51.05532" lon="4.28968">
        <ele>4.1</ele>
      </trkpt>
      <trkpt lat="51.05483" lon="4.28966">
        <ele>3.8</ele>
      </trkpt>
      <trkpt lat="51.0546" lon="4.28969">
        <ele>3.5</ele>
      </trkpt>
      <trkpt lat="51.05459" lon="4.28966">
        <ele>3.5</ele>
      </trkpt>
      <trkpt lat="51.05435" lon="4.28949">
        <ele>3.2</ele>
      </trkpt>
      <trkpt lat="51.05435" lon="4.28949">
        <ele>3.2</ele>
      </trkpt>
      <trkpt lat="51.05391" lon="4.2892">
        <ele>3.3</ele>
      </trkpt>
      <trkpt lat="51.05348" lon="4.28891">
        <ele>3.8</ele>
      </trkpt>
      <trkpt lat="51.05291" lon="4.28859">
        <ele>4.9</ele>
      </trkpt>
      <trkpt lat="51.05235" lon="4.28826">
        <ele>6.1</ele>
      </trkpt>
      <trkpt lat="51.0518" lon="4.28797">
        <ele>5.7</ele>
      </trkpt>
      <trkpt lat="51.05125" lon="4.28767">
        <ele>4.2</ele>
      </trkpt>
      <trkpt lat="51.0507" lon="4.28736">
        <ele>3.3</ele>
      </trkpt>
      <trkpt lat="51.05014" lon="4.28704">
        <ele>4.7</ele>
      </trkpt>
      <trkpt lat="51.05032" lon="4.28637">
        <ele>4.0</ele>
      </trkpt>
      <trkpt lat="51.05051" lon="4.2857">
        <ele>3.3</ele>
      </trkpt>
      <trkpt lat="51.05058" lon="4.28535">
        <ele>3.1</ele>
      </trkpt>
      <trkpt lat="51.05059" lon="4.28519">
        <ele>3.1</ele>
      </trkpt>
      <trkpt lat="51.05055" lon="4.28508">
        <ele>3.0</ele>
      </trkpt>
      <trkpt lat="51.05001" lon="4.28462">
        <ele>3.9</ele>
      </trkpt>
      <trkpt lat="51.04952" lon="4.28371">
        <ele>5.5</ele>
      </trkpt>
      <trkpt lat="51.04935" lon="4.28347">
        <ele>5.4</ele>
      </trkpt>
      <trkpt lat="51.04913" lon="4.28329">
        <ele>5.2</ele>
      </trkpt>
      <trkpt lat="51.04891" lon="4.28305">
        <ele>6.4</ele>
      </trkpt>
      <trkpt lat="51.0489" lon="4.28306">
        <ele>6.4</ele>
      </trkpt>
      <trkpt lat="51.0489" lon="4.28306">
        <ele>6.4</ele>
      </trkpt>
      <trkpt lat="51.0489" lon="4.28306">
        <ele>6.4</ele>
      </trkpt>
      <trkpt lat="51.04913" lon="4.28261">
        <ele>6.9</ele>
      </trkpt>
      <trkpt lat="51.04942" lon="4.28193">
        <ele>7.6</ele>
      </trkpt>
      <trkpt lat="51.04954" lon="4.2817">
        <ele>7.4</ele>
      </trkpt>
      <trkpt lat="51.04965" lon="4.28157">
        <ele>7.3</ele>
      </trkpt>
      <trkpt lat="51.04969" lon="4.28152">
        <ele>7.3</ele>
      </trkpt>
      <trkpt lat="51.04974" lon="4.28145">
        <ele>7.3</ele>
      </trkpt>
      <trkpt lat="51.05003" lon="4.28117">
        <ele>7.1</ele>
      </trkpt>
      <trkpt lat="51.05012" lon="4.28107">
        <ele>6.9</ele>
      </trkpt>
      <trkpt lat="51.05015" lon="4.28098">
        <ele>7.0</ele>
      </trkpt>
      <trkpt lat="51.05035" lon="4.28011">
        <ele>7.3</ele>
      </trkpt>
      <trkpt lat="51.05055" lon="4.27925">
        <ele>6.6</ele>
      </trkpt>
      <trkpt lat="51.05086" lon="4.27793">
        <ele>7.0</ele>
      </trkpt>
      <trkpt lat="51.05117" lon="4.27661">
        <ele>6.1</ele>
      </trkpt>
      <trkpt lat="51.05117" lon="4.27661">
        <ele>6.1</ele>
      </trkpt>
      <trkpt lat="51.05118" lon="4.27657">
        <ele>6.0</ele>
      </trkpt>
      <trkpt lat="51.05094" lon="4.27632">
        <ele>6.0</ele>
      </trkpt>
      <trkpt lat="51.05097" lon="4.27624">
        <ele>5.8</ele>
      </trkpt>
      <trkpt lat="51.05099" lon="4.27589">
        <ele>5.1</ele>
      </trkpt>
      <trkpt lat="51.0511" lon="4.27469">
        <ele>4.6</ele>
      </trkpt>
      <trkpt lat="51.05118" lon="4.27389">
        <ele>5.0</ele>
      </trkpt>
      <trkpt lat="51.05127" lon="4.27309">
        <ele>4.7</ele>
      </trkpt>
      <trkpt lat="51.05129" lon="4.27225">
        <ele>4.0</ele>
      </trkpt>
      <trkpt lat="51.05131" lon="4.27208">
        <ele>4.0</ele>
      </trkpt>
      <trkpt lat="51.0514" lon="4.27164">
        <ele>4.0</ele>
      </trkpt>
      <trkpt lat="51.05142" lon="4.27145">
        <ele>3.8</ele>
      </trkpt>
      <trkpt lat="51.05144" lon="4.27127">
        <ele>3.7</ele>
      </trkpt>
      <trkpt lat="51.05146" lon="4.27113">
        <ele>3.5</ele>
      </trkpt>
      <trkpt lat="51.05149" lon="4.27108">
        <ele>3.4</ele>
      </trkpt>
      <trkpt lat="51.05155" lon="4.27105">
        <ele>3.4</ele>
      </trkpt>
      <trkpt lat="51.05192" lon="4.27107">
        <ele>3.5</ele>
      </trkpt>
      <trkpt lat="51.05192" lon="4.27098">
        <ele>3.4</ele>
      </trkpt>
      <trkpt lat="51.05175" lon="4.26959">
        <ele>3.5</ele>
      </trkpt>
      <trkpt lat="51.05165" lon="4.26898">
        <ele>4.0</ele>
      </trkpt>
      <trkpt lat="51.05156" lon="4.26872">
        <ele>3.9</ele>
      </trkpt>
      <trkpt lat="51.05133" lon="4.26807">
        <ele>3.8</ele>
      </trkpt>
      <trkpt lat="51.05109" lon="4.26742">
        <ele>3.6</ele>
      </trkpt>
      <trkpt lat="51.05104" lon="4.26731">
        <ele>3.5</ele>
      </trkpt>
      <trkpt lat="51.05098" lon="4.26722">
        <ele>3.4</ele>
      </trkpt>
      <trkpt lat="51.05098" lon="4.26722">
        <ele>3.4</ele>
      </trkpt>
      <trkpt lat="51.05092" lon="4.2672">
        <ele>3.2</ele>
      </trkpt>
      <trkpt lat="51.05086" lon="4.26721">
        <ele>3.1</ele>
      </trkpt>
      <trkpt lat="51.05" lon="4.26751">
        <ele>3.0</ele>
      </trkpt>
      <trkpt lat="51.04914" lon="4.26782">
        <ele>5.5</ele>
      </trkpt>
      <trkpt lat="51.04828" lon="4.26812">
        <ele>8.2</ele>
      </trkpt>
      <trkpt lat="51.04742" lon="4.26842">
        <ele>7.0</ele>
      </trkpt>
      <trkpt lat="51.04666" lon="4.2687">
        <ele>8.0</ele>
      </trkpt>
      <trkpt lat="51.0459" lon="4.26899">
        <ele>7.1</ele>
      </trkpt>
      <trkpt lat="51.04515" lon="4.26927">
        <ele>6.8</ele>
      </trkpt>
      <trkpt lat="51.04439" lon="4.26948">
        <ele>6.3</ele>
      </trkpt>
      <trkpt lat="51.04425" lon="4.26956">
        <ele>6.4</ele>
      </trkpt>
      <trkpt lat="51.04413" lon="4.26955">
        <ele>6.6</ele>
      </trkpt>
      <trkpt lat="51.04407" lon="4.26956">
        <ele>6.8</ele>
      </trkpt>
      <trkpt lat="51.04408" lon="4.26918">
        <ele>6.2</ele>
      </trkpt>
      <trkpt lat="51.04402" lon="4.26917">
        <ele>6.4</ele>
      </trkpt>
      <trkpt lat="51.04395" lon="4.26907">
        <ele>6.5</ele>
      </trkpt>
      <trkpt lat="51.04389" lon="4.26877">
        <ele>6.3</ele>
      </trkpt>
      <trkpt lat="51.04389" lon="4.26877">
        <ele>6.3</ele>
      </trkpt>
      <trkpt lat="51.04368" lon="4.26753">
        <ele>5.2</ele>
      </trkpt>
      <trkpt lat="51.04366" lon="4.26739">
        <ele>5.0</ele>
      </trkpt>
      <trkpt lat="51.04352" lon="4.26651">
        <ele>4.3</ele>
      </trkpt>
      <trkpt lat="51.04345" lon="4.26588">
        <ele>5.8</ele>
      </trkpt>
      <trkpt lat="51.04344" lon="4.2657">
        <ele>6.0</ele>
      </trkpt>
      <trkpt lat="51.04344" lon="4.2655">
        <ele>6.3</ele>
      </trkpt>
      <trkpt lat="51.04346" lon="4.26501">
        <ele>6.3</ele>
      </trkpt>
      <trkpt lat="51.04349" lon="4.26478">
        <ele>6.3</ele>
      </trkpt>
      <trkpt lat="51.0435" lon="4.26466">
        <ele>6.3</ele>
      </trkpt>
      <trkpt lat="51.04357" lon="4.26367">
        <ele>6.4</ele>
      </trkpt>
      <trkpt lat="51.04357" lon="4.26316">
        <ele>6.4</ele>
      </trkpt>
      <trkpt lat="51.04356" lon="4.26316">
        <ele>6.5</ele>
      </trkpt>
      <trkpt lat="51.04356" lon="4.26316">
        <ele>6.5</ele>
      </trkpt>
      <trkpt lat="51.04332" lon="4.26314">
        <ele>7.0</ele>
      </trkpt>
      <trkpt lat="51.04325" lon="4.2626">
        <ele>7.1</ele>
      </trkpt>
      <trkpt lat="51.04322" lon="4.2624">
        <ele>7.1</ele>
      </trkpt>
      <trkpt lat="51.04321" lon="4.26211">
        <ele>7.1</ele>
      </trkpt>
      <trkpt lat="51.04322" lon="4.26195">
        <ele>7.1</ele>
      </trkpt>
      <trkpt lat="51.04341" lon="4.26129">
        <ele>7.2</ele>
      </trkpt>
      <trkpt lat="51.04359" lon="4.26063">
        <ele>7.2</ele>
      </trkpt>
      <trkpt lat="51.04372" lon="4.26024">
        <ele>7.0</ele>
      </trkpt>
      <trkpt lat="51.0438" lon="4.26015">
        <ele>6.7</ele>
      </trkpt>
      <trkpt lat="51.04419" lon="4.25927">
        <ele>5.9</ele>
      </trkpt>
      <trkpt lat="51.04458" lon="4.25838">
        <ele>6.5</ele>
      </trkpt>
      <trkpt lat="51.04483" lon="4.25771">
        <ele>5.5</ele>
      </trkpt>
      <trkpt lat="51.044952" lon="4.257392">
        <ele>5.1</ele>
      </trkpt>
      <trkpt lat="51.044956" lon="4.257115">
        <ele>5.1</ele>
      </trkpt>
      <trkpt lat="51.045085" lon="4.256806">
        <ele>5.0</ele>
      </trkpt>
      <trkpt lat="51.045214" lon="4.256517">
        <ele>5.2</ele>
      </trkpt>
      <trkpt lat="51.04535" lon="4.25633">
        <ele>5.4</ele>
      </trkpt>
      <trkpt lat="51.04535" lon="4.25633">
        <ele>5.4</ele>
      </trkpt>
      <trkpt lat="51.0454" lon="4.25614">
        <ele>5.6</ele>
      </trkpt>
      <trkpt lat="51.04553" lon="4.25543">
        <ele>6.2</ele>
      </trkpt>
      <trkpt lat="51.04565" lon="4.25472">
        <ele>5.9</ele>
      </trkpt>
      <trkpt lat="51.0457" lon="4.25454">
        <ele>5.6</ele>
      </trkpt>
      <trkpt lat="51.04587" lon="4.25418">
        <ele>5.0</ele>
      </trkpt>
      <trkpt lat="51.04599" lon="4.25399">
        <ele>4.8</ele>
      </trkpt>
      <trkpt lat="51.04598" lon="4.25393">
        <ele>4.8</ele>
      </trkpt>
      <trkpt lat="51.04597" lon="4.25393">
        <ele>4.8</ele>
      </trkpt>
      <trkpt lat="51.04597" lon="4.25393">
        <ele>4.8</ele>
      </trkpt>
      <trkpt lat="51.04589" lon="4.25351">
        <ele>4.3</ele>
      </trkpt>
      <trkpt lat="51.04588" lon="4.25343">
        <ele>4.2</ele>
      </trkpt>
      <trkpt lat="51.04585" lon="4.25337">
        <ele>4.1</ele>
      </trkpt>
      <trkpt lat="51.04578" lon="4.25333">
        <ele>4.1</ele>
      </trkpt>
      <trkpt lat="51.04571" lon="4.25331">
        <ele>4.3</ele>
      </trkpt>
      <trkpt lat="51.0454" lon="4.25344">
        <ele>5.1</ele>
      </trkpt>
      <trkpt lat="51.04532" lon="4.25351">
        <ele>5.3</ele>
      </trkpt>
      <trkpt lat="51.04518" lon="4.25369">
        <ele>5.7</ele>
      </trkpt>
      <trkpt lat="51.04513" lon="4.25372">
        <ele>5.8</ele>
      </trkpt>
      <trkpt lat="51.04508" lon="4.25372">
        <ele>5.9</ele>
      </trkpt>
      <trkpt lat="51.04503" lon="4.25371">
        <ele>5.9</ele>
      </trkpt>
      <trkpt lat="51.0447" lon="4.25329">
        <ele>6.0</ele>
      </trkpt>
      <trkpt lat="51.04464" lon="4.25318">
        <ele>6.1</ele>
      </trkpt>
      <trkpt lat="51.04449" lon="4.2524">
        <ele>6.9</ele>
      </trkpt>
      <trkpt lat="51.04428" lon="4.25189">
        <ele>8.1</ele>
      </trkpt>
      <trkpt lat="51.04419" lon="4.25172">
        <ele>8.8</ele>
      </trkpt>
      <trkpt lat="51.04379" lon="4.25108">
        <ele>8.7</ele>
      </trkpt>
      <trkpt lat="51.04374" lon="4.25102">
        <ele>8.6</ele>
      </trkpt>
      <trkpt lat="51.04368" lon="4.251">
        <ele>8.5</ele>
      </trkpt>
      <trkpt lat="51.04359" lon="4.25101">
        <ele>8.3</ele>
      </trkpt>
      <trkpt lat="51.04348" lon="4.25104">
        <ele>7.9</ele>
      </trkpt>
      <trkpt lat="51.04349" lon="4.24987">
        <ele>9.7</ele>
      </trkpt>
      <trkpt lat="51.04345" lon="4.2496">
        <ele>8.8</ele>
      </trkpt>
      <trkpt lat="51.04322" lon="4.24864">
        <ele>6.5</ele>
      </trkpt>
      <trkpt lat="51.04321" lon="4.24854">
        <ele>6.3</ele>
      </trkpt>
      <trkpt lat="51.04322" lon="4.24848">
        <ele>6.1</ele>
      </trkpt>
      <trkpt lat="51.04329" lon="4.24806">
        <ele>5.5</ele>
      </trkpt>
      <trkpt lat="51.04327" lon="4.24756">
        <ele>6.0</ele>
      </trkpt>
      <trkpt lat="51.04322" lon="4.24725">
        <ele>6.3</ele>
      </trkpt>
      <trkpt lat="51.04296" lon="4.24611">
        <ele>7.7</ele>
      </trkpt>
      <trkpt lat="51.04288" lon="4.24593">
        <ele>8.0</ele>
      </trkpt>
      <trkpt lat="51.04268" lon="4.24566">
        <ele>8.3</ele>
      </trkpt>
      <trkpt lat="51.04251" lon="4.24529">
        <ele>9.0</ele>
      </trkpt>
      <trkpt lat="51.04235" lon="4.24488">
        <ele>8.8</ele>
      </trkpt>
      <trkpt lat="51.04219" lon="4.24432">
        <ele>7.3</ele>
      </trkpt>
      <trkpt lat="51.04216" lon="4.24389">
        <ele>6.8</ele>
      </trkpt>
      <trkpt lat="51.04217" lon="4.24373">
        <ele>6.7</ele>
      </trkpt>
      <trkpt lat="51.0422" lon="4.24353">
        <ele>6.7</ele>
      </trkpt>
      <trkpt lat="51.04238" lon="4.24298">
        <ele>6.6</ele>
      </trkpt>
      <trkpt lat="51.04239" lon="4.24297">
        <ele>6.7</ele>
      </trkpt>
      <trkpt lat="51.04239" lon="4.24297">
        <ele>6.7</ele>
      </trkpt>
      <trkpt lat="51.04238" lon="4.24298">
        <ele>6.6</ele>
      </trkpt>
      <trkpt lat="51.04157" lon="4.24255">
        <ele>3.0</ele>
      </trkpt>
      <trkpt lat="51.04075" lon="4.24212">
        <ele>3.5</ele>
      </trkpt>
      <trkpt lat="51.03994" lon="4.24169">
        <ele>4.2</ele>
      </trkpt>
      <trkpt lat="51.03912" lon="4.24126">
        <ele>6.4</ele>
      </trkpt>
      <trkpt lat="51.0383" lon="4.24083">
        <ele>5.0</ele>
      </trkpt>
      <trkpt lat="51.03798" lon="4.24066">
        <ele>5.0</ele>
      </trkpt>
      <trkpt lat="51.03798" lon="4.24064">
        <ele>5.0</ele>
      </trkpt>
      <trkpt lat="51.03798" lon="4.24064">
        <ele>5.0</ele>
      </trkpt>
      <trkpt lat="51.03795" lon="4.2405">
        <ele>5.0</ele>
      </trkpt>
      <trkpt lat="51.03763" lon="4.24049">
        <ele>5.0</ele>
      </trkpt>
      <trkpt lat="51.03745" lon="4.2405">
        <ele>5.0</ele>
      </trkpt>
      <trkpt lat="51.03695" lon="4.24058">
        <ele>5.5</ele>
      </trkpt>
      <trkpt lat="51.0369" lon="4.24046">
        <ele>5.4</ele>
      </trkpt>
      <trkpt lat="51.03659" lon="4.23984">
        <ele>4.6</ele>
      </trkpt>
      <trkpt lat="51.03614" lon="4.23896">
        <ele>3.5</ele>
      </trkpt>
      <trkpt lat="51.03569" lon="4.23807">
        <ele>4.1</ele>
      </trkpt>
      <trkpt lat="51.03546" lon="4.23756">
        <ele>4.0</ele>
      </trkpt>
      <trkpt lat="51.03516" lon="4.23676">
        <ele>4.0</ele>
      </trkpt>
      <trkpt lat="51.03486" lon="4.23597">
        <ele>4.2</ele>
      </trkpt>
      <trkpt lat="51.03451" lon="4.23486">
        <ele>4.1</ele>
      </trkpt>
      <trkpt lat="51.03451" lon="4.23486">
        <ele>4.1</ele>
      </trkpt>
      <trkpt lat="51.03451" lon="4.23486">
        <ele>4.1</ele>
      </trkpt>
      <trkpt lat="51.03436" lon="4.23439">
        <ele>4.6</ele>
      </trkpt>
      <trkpt lat="51.03428" lon="4.23412">
        <ele>4.9</ele>
      </trkpt>
      <trkpt lat="51.03399" lon="4.23321">
        <ele>4.7</ele>
      </trkpt>
      <trkpt lat="51.03371" lon="4.2323">
        <ele>4.0</ele>
      </trkpt>
      <trkpt lat="51.03342" lon="4.23138">
        <ele>4.0</ele>
      </trkpt>
      <trkpt lat="51.03338" lon="4.23127">
        <ele>4.0</ele>
      </trkpt>
      <trkpt lat="51.03334" lon="4.23117">
        <ele>4.0</ele>
      </trkpt>
      <trkpt lat="51.03323" lon="4.23099">
        <ele>4.1</ele>
      </trkpt>
      <trkpt lat="51.03309" lon="4.2308">
        <ele>4.3</ele>
      </trkpt>
      <trkpt lat="51.03282" lon="4.23047">
        <ele>4.9</ele>
      </trkpt>
      <trkpt lat="51.03244" lon="4.23006">
        <ele>6.3</ele>
      </trkpt>
      <trkpt lat="51.03238" lon="4.22998">
        <ele>6.7</ele>
      </trkpt>
      <trkpt lat="51.03232" lon="4.22989">
        <ele>6.9</ele>
      </trkpt>
      <trkpt lat="51.03225" lon="4.22975">
        <ele>6.9</ele>
      </trkpt>
      <trkpt lat="51.03194" lon="4.22869">
        <ele>4.8</ele>
      </trkpt>
      <trkpt lat="51.03162" lon="4.22763">
        <ele>3.1</ele>
      </trkpt>
      <trkpt lat="51.03131" lon="4.22657">
        <ele>3.5</ele>
      </trkpt>
      <trkpt lat="51.03129" lon="4.22648">
        <ele>3.7</ele>
      </trkpt>
      <trkpt lat="51.03129" lon="4.22637">
        <ele>3.8</ele>
      </trkpt>
      <trkpt lat="51.03137" lon="4.22563">
        <ele>4.5</ele>
      </trkpt>
      <trkpt lat="51.03139" lon="4.22504">
        <ele>5.0</ele>
      </trkpt>
      <trkpt lat="51.0314" lon="4.22375">
        <ele>4.8</ele>
      </trkpt>
      <trkpt lat="51.03141" lon="4.22246">
        <ele>4.9</ele>
      </trkpt>
      <trkpt lat="51.0314" lon="4.22229">
        <ele>5.0</ele>
      </trkpt>
      <trkpt lat="51.03137" lon="4.22213">
        <ele>5.1</ele>
      </trkpt>
      <trkpt lat="51.03133" lon="4.22196">
        <ele>5.2</ele>
      </trkpt>
      <trkpt lat="51.03128" lon="4.22183">
        <ele>5.4</ele>
      </trkpt>
      <trkpt lat="51.0309" lon="4.22101">
        <ele>6.0</ele>
      </trkpt>
      <trkpt lat="51.03062" lon="4.2205">
        <ele>5.9</ele>
      </trkpt>
      <trkpt lat="51.03034" lon="4.22003">
        <ele>5.6</ele>
      </trkpt>
      <trkpt lat="51.02997" lon="4.21942">
        <ele>6.7</ele>
      </trkpt>
      <trkpt lat="51.02967" lon="4.21904">
        <ele>6.6</ele>
      </trkpt>
      <trkpt lat="51.02938" lon="4.21877">
        <ele>6.3</ele>
      </trkpt>
      <trkpt lat="51.02896" lon="4.21839">
        <ele>6.2</ele>
      </trkpt>
      <trkpt lat="51.02896" lon="4.21839">
        <ele>6.2</ele>
      </trkpt>
      <trkpt lat="51.02893" lon="4.21836">
        <ele>6.3</ele>
      </trkpt>
      <trkpt lat="51.0286" lon="4.21911">
        <ele>6.7</ele>
      </trkpt>
      <trkpt lat="51.02828" lon="4.21986">
        <ele>6.2</ele>
      </trkpt>
      <trkpt lat="51.028" lon="4.22046">
        <ele>6.0</ele>
      </trkpt>
      <trkpt lat="51.02794" lon="4.22048">
        <ele>6.0</ele>
      </trkpt>
      <trkpt lat="51.02794" lon="4.22048">
        <ele>6.0</ele>
      </trkpt>
      <trkpt lat="51.02785" lon="4.22049">
        <ele>6.0</ele>
      </trkpt>
      <trkpt lat="51.02761" lon="4.22041">
        <ele>6.0</ele>
      </trkpt>
      <trkpt lat="51.02749" lon="4.22098">
        <ele>6.0</ele>
      </trkpt>
      <trkpt lat="51.02746" lon="4.22106">
        <ele>6.0</ele>
      </trkpt>
      <trkpt lat="51.02746" lon="4.22106">
        <ele>6.0</ele>
      </trkpt>
      <trkpt lat="51.02745" lon="4.22107">
        <ele>6.0</ele>
      </trkpt>
      <trkpt lat="51.02734" lon="4.22099">
        <ele>6.0</ele>
      </trkpt>
      <trkpt lat="51.02722" lon="4.22072">
        <ele>6.0</ele>
      </trkpt>
      <trkpt lat="51.02704" lon="4.22091">
        <ele>6.0</ele>
      </trkpt>
      <trkpt lat="51.02701" lon="4.2209">
        <ele>6.0</ele>
      </trkpt>
      <trkpt lat="51.02699" lon="4.22087">
        <ele>6.0</ele>
      </trkpt>
      <trkpt lat="51.02692" lon="4.22073">
        <ele>6.0</ele>
      </trkpt>
      <trkpt lat="51.02688" lon="4.22062">
        <ele>6.0</ele>
      </trkpt>
      <trkpt lat="51.02688" lon="4.22062">
        <ele>6.0</ele>
      </trkpt>
      <trkpt lat="51.02686" lon="4.22054">
        <ele>6.0</ele>
      </trkpt>
      <trkpt lat="51.0263" lon="4.22117">
        <ele>6.0</ele>
      </trkpt>
      <trkpt lat="51.02628" lon="4.22113">
        <ele>6.0</ele>
      </trkpt>
      <trkpt lat="51.02628" lon="4.22113">
        <ele>6.0</ele>
      </trkpt>
      <trkpt lat="51.02587" lon="4.22028">
        <ele>6.0</ele>
      </trkpt>
      <trkpt lat="51.02576" lon="4.22011">
        <ele>6.0</ele>
      </trkpt>
      <trkpt lat="51.02562" lon="4.22002">
        <ele>6.0</ele>
      </trkpt>
      <trkpt lat="51.02527" lon="4.21985">
        <ele>6.2</ele>
      </trkpt>
      <trkpt lat="51.02527" lon="4.21985">
        <ele>6.2</ele>
      </trkpt>
      <trkpt lat="51.02523" lon="4.21983">
        <ele>6.2</ele>
      </trkpt>
      <trkpt lat="51.02527" lon="4.21953">
        <ele>6.6</ele>
      </trkpt>
      <trkpt lat="51.02536" lon="4.21917">
        <ele>7.0</ele>
      </trkpt>
      <trkpt lat="51.02478" lon="4.21848">
        <ele>6.7</ele>
      </trkpt>
      <trkpt lat="51.02474" lon="4.21845">
        <ele>6.7</ele>
      </trkpt>
      <trkpt lat="51.02469" lon="4.21846">
        <ele>6.6</ele>
      </trkpt>
      <trkpt lat="51.02469" lon="4.21846">
        <ele>6.6</ele>
      </trkpt>
      <trkpt lat="51.02466" lon="4.21847">
        <ele>6.6</ele>
      </trkpt>
      <trkpt lat="51.02451" lon="4.21854">
        <ele>6.4</ele>
      </trkpt>
      <trkpt lat="51.02396" lon="4.21903">
        <ele>6.2</ele>
      </trkpt>
      <trkpt lat="51.02375" lon="4.21925">
        <ele>6.4</ele>
      </trkpt>
      <trkpt lat="51.02337" lon="4.21965">
        <ele>6.9</ele>
      </trkpt>
      <trkpt lat="51.02267" lon="4.22053">
        <ele>6.1</ele>
      </trkpt>
      <trkpt lat="51.02196" lon="4.2214">
        <ele>6.4</ele>
      </trkpt>
      <trkpt lat="51.02126" lon="4.22228">
        <ele>6.4</ele>
      </trkpt>
      <trkpt lat="51.02126" lon="4.22228">
        <ele>6.4</ele>
      </trkpt>
      <trkpt lat="51.02124" lon="4.2223">
        <ele>6.4</ele>
      </trkpt>
      <trkpt lat="51.02107" lon="4.22161">
        <ele>6.0</ele>
      </trkpt>
      <trkpt lat="51.0209" lon="4.22092">
        <ele>6.1</ele>
      </trkpt>
      <trkpt lat="51.02067" lon="4.2198">
        <ele>6.3</ele>
      </trkpt>
      <trkpt lat="51.02045" lon="4.21868">
        <ele>6.5</ele>
      </trkpt>
      <trkpt lat="51.02023" lon="4.21756">
        <ele>6.7</ele>
      </trkpt>
      <trkpt lat="51.02001" lon="4.21644">
        <ele>6.7</ele>
      </trkpt>
      <trkpt lat="51.01979" lon="4.21532">
        <ele>6.3</ele>
      </trkpt>
      <trkpt lat="51.01953" lon="4.21468">
        <ele>6.3</ele>
      </trkpt>
      <trkpt lat="51.01946" lon="4.21446">
        <ele>6.2</ele>
      </trkpt>
      <trkpt lat="51.01938" lon="4.21409">
        <ele>5.9</ele>
      </trkpt>
      <trkpt lat="51.01938" lon="4.21393">
        <ele>5.8</ele>
      </trkpt>
      <trkpt lat="51.01939" lon="4.21378">
        <ele>5.7</ele>
      </trkpt>
      <trkpt lat="51.01945" lon="4.21347">
        <ele>5.4</ele>
      </trkpt>
      <trkpt lat="51.01946" lon="4.21332">
        <ele>5.4</ele>
      </trkpt>
      <trkpt lat="51.01943" lon="4.21279">
        <ele>6.2</ele>
      </trkpt>
      <trkpt lat="51.01943" lon="4.21225">
        <ele>6.9</ele>
      </trkpt>
      <trkpt lat="51.0194" lon="4.21175">
        <ele>7.4</ele>
      </trkpt>
      <trkpt lat="51.01934" lon="4.21145">
        <ele>7.1</ele>
      </trkpt>
      <trkpt lat="51.01913" lon="4.21066">
        <ele>5.8</ele>
      </trkpt>
      <trkpt lat="51.01907" lon="4.21054">
        <ele>5.8</ele>
      </trkpt>
      <trkpt lat="51.01868" lon="4.21039">
        <ele>6.4</ele>
      </trkpt>
      <trkpt lat="51.01805" lon="4.21007">
        <ele>7.3</ele>
      </trkpt>
      <trkpt lat="51.01797" lon="4.20999">
        <ele>7.4</ele>
      </trkpt>
      <trkpt lat="51.01794" lon="4.20991">
        <ele>7.5</ele>
      </trkpt>
      <trkpt lat="51.01779" lon="4.2111">
        <ele>7.6</ele>
      </trkpt>
      <trkpt lat="51.01773" lon="4.21132">
        <ele>7.5</ele>
      </trkpt>
      <trkpt lat="51.0176" lon="4.21149">
        <ele>7.3</ele>
      </trkpt>
      <trkpt lat="51.01713" lon="4.21193">
        <ele>6.1</ele>
      </trkpt>
      <trkpt lat="51.01666" lon="4.21237">
        <ele>5.0</ele>
      </trkpt>
      <trkpt lat="51.01651" lon="4.21247">
        <ele>5.6</ele>
      </trkpt>
      <trkpt lat="51.01603" lon="4.21269">
        <ele>7.1</ele>
      </trkpt>
      <trkpt lat="51.01628" lon="4.21189">
        <ele>6.4</ele>
      </trkpt>
      <trkpt lat="51.01628" lon="4.21189">
        <ele>6.4</ele>
      </trkpt>
      <trkpt lat="51.01645" lon="4.21126">
        <ele>5.7</ele>
      </trkpt>
      <trkpt lat="51.01649" lon="4.2109">
        <ele>5.4</ele>
      </trkpt>
      <trkpt lat="51.01646" lon="4.20977">
        <ele>5.7</ele>
      </trkpt>
      <trkpt lat="51.01643" lon="4.20864">
        <ele>7.2</ele>
      </trkpt>
      <trkpt lat="51.0165" lon="4.20769">
        <ele>7.1</ele>
      </trkpt>
      <trkpt lat="51.01657" lon="4.20675">
        <ele>7.1</ele>
      </trkpt>
      <trkpt lat="51.01665" lon="4.20568">
        <ele>9.2</ele>
      </trkpt>
      <trkpt lat="51.01672" lon="4.20432">
        <ele>9.2</ele>
      </trkpt>
      <trkpt lat="51.01679" lon="4.20297">
        <ele>9.0</ele>
      </trkpt>
      <trkpt lat="51.01677" lon="4.20252">
        <ele>9.0</ele>
      </trkpt>
      <trkpt lat="51.01679" lon="4.20192">
        <ele>9.0</ele>
      </trkpt>
      <trkpt lat="51.01678" lon="4.20176">
        <ele>9.0</ele>
      </trkpt>
      <trkpt lat="51.01659" lon="4.20061">
        <ele>9.0</ele>
      </trkpt>
      <trkpt lat="51.01647" lon="4.1998">
        <ele>8.8</ele>
      </trkpt>
      <trkpt lat="51.01647" lon="4.19961">
        <ele>8.6</ele>
      </trkpt>
      <trkpt lat="51.01647" lon="4.19961">
        <ele>8.6</ele>
      </trkpt>
      <trkpt lat="51.01647" lon="4.19961">
        <ele>8.6</ele>
      </trkpt>
      <trkpt lat="51.01647" lon="4.1995">
        <ele>8.5</ele>
      </trkpt>
      <trkpt lat="51.01653" lon="4.19881">
        <ele>7.8</ele>
      </trkpt>
      <trkpt lat="51.0166" lon="4.19829">
        <ele>7.2</ele>
      </trkpt>
      <trkpt lat="51.01668" lon="4.19708">
        <ele>8.0</ele>
      </trkpt>
      <trkpt lat="51.01676" lon="4.19588">
        <ele>7.9</ele>
      </trkpt>
      <trkpt lat="51.01684" lon="4.19451">
        <ele>8.3</ele>
      </trkpt>
      <trkpt lat="51.01693" lon="4.19313">
        <ele>8.4</ele>
      </trkpt>
      <trkpt lat="51.01702" lon="4.19175">
        <ele>8.6</ele>
      </trkpt>
      <trkpt lat="51.01702" lon="4.19123">
        <ele>8.8</ele>
      </trkpt>
      <trkpt lat="51.01703" lon="4.191048">
        <ele>8.9</ele>
      </trkpt>
      <trkpt lat="51.017" lon="4.19107">
        <ele>8.9</ele>
      </trkpt>
      <trkpt lat="51.017" lon="4.19107">
        <ele>8.9</ele>
      </trkpt>
      <trkpt lat="51.01685" lon="4.191188">
        <ele>8.9</ele>
      </trkpt>
      <trkpt lat="51.01631" lon="4.19169">
        <ele>9.4</ele>
      </trkpt>
      <trkpt lat="51.01577" lon="4.19219">
        <ele>9.9</ele>
      </trkpt>
      <trkpt lat="51.01576" lon="4.19215">
        <ele>9.9</ele>
      </trkpt>
      <trkpt lat="51.015424" lon="4.190879">
        <ele>9.0</ele>
      </trkpt>
      <trkpt lat="51.01541" lon="4.190889">
        <ele>9.0</ele>
      </trkpt>
      <trkpt lat="51.01541" lon="4.19087">
        <ele>9.0</ele>
      </trkpt>
      <trkpt lat="51.01494" lon="4.191169">
        <ele>9.0</ele>
      </trkpt>
      <trkpt lat="51.01484" lon="4.19099">
        <ele>9.0</ele>
      </trkpt>
      <trkpt lat="51.01473" lon="4.19074">
        <ele>9.0</ele>
      </trkpt>
      <trkpt lat="51.01457" lon="4.19071">
        <ele>9.0</ele>
      </trkpt>
      <trkpt lat="51.01419" lon="4.19106">
        <ele>9.0</ele>
      </trkpt>
      <trkpt lat="51.013647" lon="4.191561">
        <ele>10.8</ele>
      </trkpt>
      <trkpt lat="51.013475" lon="4.191235">
        <ele>11.1</ele>
      </trkpt>
      <trkpt lat="51.013344" lon="4.190813">
        <ele>11.0</ele>
      </trkpt>
      <trkpt lat="51.013154" lon="4.190387">
        <ele>10.6</ele>
      </trkpt>
      <trkpt lat="51.012671" lon="4.190318">
        <ele>10.9</ele>
      </trkpt>
      <trkpt lat="51.012553" lon="4.190417">
        <ele>11.0</ele>
      </trkpt>
      <trkpt lat="51.012449" lon="4.190336">
        <ele>11.0</ele>
      </trkpt>
      <trkpt lat="51.012389" lon="4.190483">
        <ele>11.0</ele>
      </trkpt>
      <trkpt lat="51.01256" lon="4.190876">
        <ele>11.1</ele>
      </trkpt>
      <trkpt lat="51.012646" lon="4.190934">
        <ele>11.1</ele>
      </trkpt>
      <trkpt lat="51.012801" lon="4.191277">
        <ele>11.5</ele>
      </trkpt>
      <trkpt lat="51.012782" lon="4.191372">
        <ele>11.6</ele>
      </trkpt>
      <trkpt lat="51.012618" lon="4.19154">
        <ele>11.8</ele>
      </trkpt>
      <trkpt lat="51.012602" lon="4.191664">
        <ele>12.0</ele>
      </trkpt>
      <trkpt lat="51.012652" lon="4.191741">
        <ele>11.9</ele>
      </trkpt>
      <trkpt lat="51.012652" lon="4.191741">
        <ele>11.9</ele>
      </trkpt>
      <trkpt lat="51.01137" lon="4.19273">
        <ele>11.4</ele>
      </trkpt>
      <trkpt lat="51.01137" lon="4.19273">
        <ele>11.4</ele>
      </trkpt>
      <trkpt lat="51.01134" lon="4.19261">
        <ele>11.4</ele>
      </trkpt>
      <trkpt lat="51.01075" lon="4.19291">
        <ele>11.4</ele>
      </trkpt>
      <trkpt lat="51.01066" lon="4.192948">
        <ele>11.3</ele>
      </trkpt>
      <trkpt lat="51.01057" lon="4.192948">
        <ele>11.1</ele>
      </trkpt>
      <trkpt lat="51.01004" lon="4.19255">
        <ele>11.0</ele>
      </trkpt>
      <trkpt lat="51.00954" lon="4.19196">
        <ele>11.3</ele>
      </trkpt>
      <trkpt lat="51.00949" lon="4.191868">
        <ele>11.3</ele>
      </trkpt>
      <trkpt lat="51.00943" lon="4.19168">
        <ele>11.3</ele>
      </trkpt>
      <trkpt lat="51.00939" lon="4.191588">
        <ele>11.3</ele>
      </trkpt>
      <trkpt lat="51.0093" lon="4.19146">
        <ele>11.2</ele>
      </trkpt>
      <trkpt lat="51.00911" lon="4.191239">
        <ele>11.0</ele>
      </trkpt>
      <trkpt lat="51.00883" lon="4.19087">
        <ele>11.0</ele>
      </trkpt>
      <trkpt lat="51.00838" lon="4.19022">
        <ele>11.0</ele>
      </trkpt>
      <trkpt lat="51.00815" lon="4.18975">
        <ele>11.5</ele>
      </trkpt>
      <trkpt lat="51.0081" lon="4.18968">
        <ele>11.6</ele>
      </trkpt>
      <trkpt lat="51.00804" lon="4.18963">
        <ele>11.6</ele>
      </trkpt>
      <trkpt lat="51.00804" lon="4.18963">
        <ele>11.6</ele>
      </trkpt>
      <trkpt lat="51.00804" lon="4.189619">
        <ele>11.6</ele>
      </trkpt>
      <trkpt lat="51.00794" lon="4.18968">
        <ele>11.7</ele>
      </trkpt>
      <trkpt lat="51.00731" lon="4.190229">
        <ele>12.0</ele>
      </trkpt>
      <trkpt lat="51.00668" lon="4.19079">
        <ele>12.0</ele>
      </trkpt>
      <trkpt lat="51.00605" lon="4.19135">
        <ele>13.0</ele>
      </trkpt>
      <trkpt lat="51.00542" lon="4.1919">
        <ele>13.9</ele>
      </trkpt>
      <trkpt lat="51.00479" lon="4.192459">
        <ele>14.3</ele>
      </trkpt>
      <trkpt lat="51.00479" lon="4.192459">
        <ele>14.3</ele>
      </trkpt>
      <trkpt lat="51.00476" lon="4.19249">
        <ele>14.3</ele>
      </trkpt>
      <trkpt lat="51.00498" lon="4.193329">
        <ele>12.1</ele>
      </trkpt>
      <trkpt lat="51.0052" lon="4.194168">
        <ele>13.2</ele>
      </trkpt>
      <trkpt lat="51.00546" lon="4.19511">
        <ele>14.0</ele>
      </trkpt>
      <trkpt lat="51.00547" lon="4.1952">
        <ele>14.0</ele>
      </trkpt>
      <trkpt lat="51.00546" lon="4.1952">
        <ele>14.0</ele>
      </trkpt>
      <trkpt lat="51.00546" lon="4.1952">
        <ele>14.0</ele>
      </trkpt>
      <trkpt lat="51.00462" lon="4.19536">
        <ele>14.9</ele>
      </trkpt>
      <trkpt lat="51.00421" lon="4.19552">
        <ele>15.9</ele>
      </trkpt>
      <trkpt lat="51.00365" lon="4.19575">
        <ele>15.4</ele>
      </trkpt>
      <trkpt lat="51.00309" lon="4.19598">
        <ele>15.5</ele>
      </trkpt>
      <trkpt lat="51.00269" lon="4.19618">
        <ele>16.2</ele>
      </trkpt>
      <trkpt lat="51.00204" lon="4.19645">
        <ele>17.8</ele>
      </trkpt>
      <trkpt lat="51.00139" lon="4.19672">
        <ele>18.7</ele>
      </trkpt>
      <trkpt lat="51.00124" lon="4.19679">
        <ele>18.6</ele>
      </trkpt>
      <trkpt lat="51.00084" lon="4.19714">
        <ele>19.1</ele>
      </trkpt>
      <trkpt lat="51.0001" lon="4.19781">
        <ele>21.3</ele>
      </trkpt>
      <trkpt lat="50.99996" lon="4.19792">
        <ele>21.5</ele>
      </trkpt>
      <trkpt lat="50.99943" lon="4.1984">
        <ele>20.6</ele>
      </trkpt>
      <trkpt lat="50.99919" lon="4.19857">
        <ele>20.1</ele>
      </trkpt>
      <trkpt lat="50.99909" lon="4.19861">
        <ele>20.0</ele>
      </trkpt>
      <trkpt lat="50.99853" lon="4.19882">
        <ele>21.0</ele>
      </trkpt>
      <trkpt lat="50.99796" lon="4.19902">
        <ele>23.1</ele>
      </trkpt>
      <trkpt lat="50.99727" lon="4.19924">
        <ele>24.5</ele>
      </trkpt>
      <trkpt lat="50.99658" lon="4.19946">
        <ele>22.5</ele>
      </trkpt>
      <trkpt lat="50.99589" lon="4.19968">
        <ele>21.2</ele>
      </trkpt>
      <trkpt lat="50.99588" lon="4.19966">
        <ele>21.1</ele>
      </trkpt>
      <trkpt lat="50.99588" lon="4.19966">
        <ele>21.1</ele>
      </trkpt>
      <trkpt lat="50.99589" lon="4.19968">
        <ele>21.2</ele>
      </trkpt>
      <trkpt lat="50.99512" lon="4.19994">
        <ele>21.9</ele>
      </trkpt>
      <trkpt lat="50.99436" lon="4.2002">
        <ele>22.8</ele>
      </trkpt>
      <trkpt lat="50.99359" lon="4.20046">
        <ele>23.0</ele>
      </trkpt>
      <trkpt lat="50.99282" lon="4.20072">
        <ele>23.0</ele>
      </trkpt>
      <trkpt lat="50.99234" lon="4.20089">
        <ele>22.6</ele>
      </trkpt>
      <trkpt lat="50.99223" lon="4.20095">
        <ele>22.4</ele>
      </trkpt>
      <trkpt lat="50.99221" lon="4.20092">
        <ele>22.3</ele>
      </trkpt>
      <trkpt lat="50.99221" lon="4.20092">
        <ele>22.3</ele>
      </trkpt>
      <trkpt lat="50.99187" lon="4.19986">
        <ele>21.0</ele>
      </trkpt>
      <trkpt lat="50.99152" lon="4.1988">
        <ele>22.0</ele>
      </trkpt>
      <trkpt lat="50.99118" lon="4.19774">
        <ele>22.0</ele>
      </trkpt>
      <trkpt lat="50.99084" lon="4.19669">
        <ele>21.0</ele>
      </trkpt>
      <trkpt lat="50.99049" lon="4.19563">
        <ele>20.3</ele>
      </trkpt>
      <trkpt lat="50.99044" lon="4.19551">
        <ele>20.2</ele>
      </trkpt>
      <trkpt lat="50.98998" lon="4.19467">
        <ele>20.3</ele>
      </trkpt>
      <trkpt lat="50.98952" lon="4.19384">
        <ele>19.3</ele>
      </trkpt>
      <trkpt lat="50.98896" lon="4.19275">
        <ele>18.7</ele>
      </trkpt>
      <trkpt lat="50.9884" lon="4.191658">
        <ele>19.0</ele>
      </trkpt>
      <trkpt lat="50.98784" lon="4.190578">
        <ele>15.6</ele>
      </trkpt>
      <trkpt lat="50.98747" lon="4.18996">
        <ele>14.0</ele>
      </trkpt>
      <trkpt lat="50.98711" lon="4.189339">
        <ele>13.6</ele>
      </trkpt>
      <trkpt lat="50.98701" lon="4.18952">
        <ele>13.7</ele>
      </trkpt>
      <trkpt lat="50.98701" lon="4.18952">
        <ele>13.7</ele>
      </trkpt>
      <trkpt lat="50.98647" lon="4.19053">
        <ele>14.0</ele>
      </trkpt>
      <trkpt lat="50.98639" lon="4.19071">
        <ele>14.0</ele>
      </trkpt>
      <trkpt lat="50.98636" lon="4.19087">
        <ele>14.0</ele>
      </trkpt>
      <trkpt lat="50.98654" lon="4.191989">
        <ele>14.2</ele>
      </trkpt>
      <trkpt lat="50.98654" lon="4.19221">
        <ele>14.2</ele>
      </trkpt>
      <trkpt lat="50.98623" lon="4.19337">
        <ele>14.5</ele>
      </trkpt>
      <trkpt lat="50.98592" lon="4.19316">
        <ele>14.9</ele>
      </trkpt>
      <trkpt lat="50.9855" lon="4.192599">
        <ele>14.2</ele>
      </trkpt>
      <trkpt lat="50.98508" lon="4.19204">
        <ele>13.2</ele>
      </trkpt>
      <trkpt lat="50.98458" lon="4.191658">
        <ele>12.0</ele>
      </trkpt>
      <trkpt lat="50.98409" lon="4.19128">
        <ele>11.5</ele>
      </trkpt>
      <trkpt lat="50.98342" lon="4.190978">
        <ele>11.8</ele>
      </trkpt>
      <trkpt lat="50.98336" lon="4.190909">
        <ele>11.9</ele>
      </trkpt>
      <trkpt lat="50.98331" lon="4.19083">
        <ele>11.9</ele>
      </trkpt>
      <trkpt lat="50.98327" lon="4.190629">
        <ele>11.8</ele>
      </trkpt>
      <trkpt lat="50.98312" lon="4.18973">
        <ele>11.5</ele>
      </trkpt>
      <trkpt lat="50.98308" lon="4.189619">
        <ele>11.4</ele>
      </trkpt>
      <trkpt lat="50.98299" lon="4.18954">
        <ele>11.2</ele>
      </trkpt>
      <trkpt lat="50.98293" lon="4.18952">
        <ele>11.0</ele>
      </trkpt>
      <trkpt lat="50.98247" lon="4.18968">
        <ele>10.0</ele>
      </trkpt>
      <trkpt lat="50.98235" lon="4.189758">
        <ele>10.2</ele>
      </trkpt>
      <trkpt lat="50.98226" lon="4.18986">
        <ele>10.3</ele>
      </trkpt>
      <trkpt lat="50.9818" lon="4.190489">
        <ele>10.8</ele>
      </trkpt>
      <trkpt lat="50.98173" lon="4.190559">
        <ele>10.9</ele>
      </trkpt>
      <trkpt lat="50.98164" lon="4.19059">
        <ele>11.1</ele>
      </trkpt>
      <trkpt lat="50.98159" lon="4.19057">
        <ele>11.2</ele>
      </trkpt>
      <trkpt lat="50.98135" lon="4.19027">
        <ele>11.8</ele>
      </trkpt>
      <trkpt lat="50.98126" lon="4.19019">
        <ele>12.0</ele>
      </trkpt>
      <trkpt lat="50.98112" lon="4.19015">
        <ele>12.3</ele>
      </trkpt>
      <trkpt lat="50.98102" lon="4.19019">
        <ele>12.6</ele>
      </trkpt>
      <trkpt lat="50.98048" lon="4.19073">
        <ele>13.4</ele>
      </trkpt>
      <trkpt lat="50.98032" lon="4.19082">
        <ele>13.6</ele>
      </trkpt>
      <trkpt lat="50.98016" lon="4.19082">
        <ele>13.8</ele>
      </trkpt>
      <trkpt lat="50.97984" lon="4.19076">
        <ele>14.4</ele>
      </trkpt>
      <trkpt lat="50.97956" lon="4.19074">
        <ele>15.1</ele>
      </trkpt>
      <trkpt lat="50.97949" lon="4.19076">
        <ele>15.2</ele>
      </trkpt>
      <trkpt lat="50.97897" lon="4.19106">
        <ele>16.7</ele>
      </trkpt>
      <trkpt lat="50.97846" lon="4.19136">
        <ele>17.8</ele>
      </trkpt>
      <trkpt lat="50.97846" lon="4.19136">
        <ele>17.8</ele>
      </trkpt>
      <trkpt lat="50.97801" lon="4.191639">
        <ele>17.2</ele>
      </trkpt>
      <trkpt lat="50.97796" lon="4.191639">
        <ele>17.1</ele>
      </trkpt>
      <trkpt lat="50.97789" lon="4.19161">
        <ele>17.0</ele>
      </trkpt>
      <trkpt lat="50.97779" lon="4.19191">
        <ele>16.7</ele>
      </trkpt>
      <trkpt lat="50.97774" lon="4.19198">
        <ele>16.6</ele>
      </trkpt>
      <trkpt lat="50.97765" lon="4.19208">
        <ele>16.4</ele>
      </trkpt>
      <trkpt lat="50.97721" lon="4.19242">
        <ele>16.3</ele>
      </trkpt>
      <trkpt lat="50.97686" lon="4.19257">
        <ele>16.7</ele>
      </trkpt>
      <trkpt lat="50.97663" lon="4.192739">
        <ele>16.7</ele>
      </trkpt>
      <trkpt lat="50.97643" lon="4.19294">
        <ele>16.5</ele>
      </trkpt>
      <trkpt lat="50.976" lon="4.19344">
        <ele>16.8</ele>
      </trkpt>
      <trkpt lat="50.97562" lon="4.193939">
        <ele>16.7</ele>
      </trkpt>
      <trkpt lat="50.97524" lon="4.19443">
        <ele>16.6</ele>
      </trkpt>
      <trkpt lat="50.975" lon="4.19465">
        <ele>16.6</ele>
      </trkpt>
      <trkpt lat="50.97474" lon="4.19491">
        <ele>16.9</ele>
      </trkpt>
      <trkpt lat="50.97462" lon="4.19497">
        <ele>17.0</ele>
      </trkpt>
      <trkpt lat="50.97448" lon="4.19497">
        <ele>17.0</ele>
      </trkpt>
      <trkpt lat="50.97405" lon="4.19436">
        <ele>16.3</ele>
      </trkpt>
      <trkpt lat="50.97395" lon="4.19426">
        <ele>16.3</ele>
      </trkpt>
      <trkpt lat="50.97345" lon="4.194028">
        <ele>16.9</ele>
      </trkpt>
      <trkpt lat="50.97299" lon="4.19325">
        <ele>17.5</ele>
      </trkpt>
      <trkpt lat="50.97286" lon="4.193069">
        <ele>17.9</ele>
      </trkpt>
      <trkpt lat="50.97286" lon="4.193069">
        <ele>17.9</ele>
      </trkpt>
      <trkpt lat="50.97274" lon="4.19291">
        <ele>18.2</ele>
      </trkpt>
      <trkpt lat="50.97261" lon="4.19278">
        <ele>18.5</ele>
      </trkpt>
      <trkpt lat="50.9722" lon="4.19205">
        <ele>18.8</ele>
      </trkpt>
      <trkpt lat="50.97178" lon="4.19132">
        <ele>19.4</ele>
      </trkpt>
      <trkpt lat="50.97122" lon="4.19062">
        <ele>20.1</ele>
      </trkpt>
      <trkpt lat="50.97063" lon="4.18994">
        <ele>21.3</ele>
      </trkpt>
      <trkpt lat="50.97005" lon="4.18926">
        <ele>21.2</ele>
      </trkpt>
      <trkpt lat="50.96997" lon="4.18918">
        <ele>21.0</ele>
      </trkpt>
      <trkpt lat="50.9699" lon="4.189199">
        <ele>20.9</ele>
      </trkpt>
      <trkpt lat="50.96983" lon="4.18911">
        <ele>20.8</ele>
      </trkpt>
      <trkpt lat="50.9695" lon="4.188608">
        <ele>20.4</ele>
      </trkpt>
      <trkpt lat="50.96938" lon="4.188589">
        <ele>20.3</ele>
      </trkpt>
      <trkpt lat="50.96928" lon="4.18842">
        <ele>20.1</ele>
      </trkpt>
      <trkpt lat="50.96919" lon="4.18827">
        <ele>20.0</ele>
      </trkpt>
      <trkpt lat="50.96904" lon="4.18795">
        <ele>20.1</ele>
      </trkpt>
      <trkpt lat="50.96901" lon="4.187528">
        <ele>20.0</ele>
      </trkpt>
      <trkpt lat="50.96904" lon="4.18736">
        <ele>20.0</ele>
      </trkpt>
      <trkpt lat="50.96906" lon="4.18712">
        <ele>20.0</ele>
      </trkpt>
      <trkpt lat="50.969" lon="4.18691">
        <ele>20.0</ele>
      </trkpt>
      <trkpt lat="50.96893" lon="4.186639">
        <ele>20.0</ele>
      </trkpt>
      <trkpt lat="50.96892" lon="4.18656">
        <ele>20.0</ele>
      </trkpt>
      <trkpt lat="50.96928" lon="4.18558">
        <ele>19.9</ele>
      </trkpt>
      <trkpt lat="50.96964" lon="4.18459">
        <ele>19.7</ele>
      </trkpt>
      <trkpt lat="50.96971" lon="4.18428">
        <ele>19.9</ele>
      </trkpt>
      <trkpt lat="50.97015" lon="4.18438">
        <ele>20.1</ele>
      </trkpt>
      <trkpt lat="50.97025" lon="4.18435">
        <ele>20.4</ele>
      </trkpt>
      <trkpt lat="50.97025" lon="4.18435">
        <ele>20.4</ele>
      </trkpt>
      <trkpt lat="50.97026" lon="4.18435">
        <ele>20.4</ele>
      </trkpt>
      <trkpt lat="50.96995" lon="4.18308">
        <ele>21.2</ele>
      </trkpt>
      <trkpt lat="50.97002" lon="4.183029">
        <ele>21.4</ele>
      </trkpt>
      <trkpt lat="50.97002" lon="4.18304">
        <ele>21.4</ele>
      </trkpt>
      <trkpt lat="50.970344" lon="4.182794">
        <ele>22.1</ele>
      </trkpt>
      <trkpt lat="50.970108" lon="4.182596">
        <ele>22.0</ele>
      </trkpt>
      <trkpt lat="50.970094" lon="4.182444">
        <ele>22.1</ele>
      </trkpt>
      <trkpt lat="50.970194" lon="4.182231">
        <ele>22.2</ele>
      </trkpt>
      <trkpt lat="50.970127" lon="4.182056">
        <ele>22.2</ele>
      </trkpt>
      <trkpt lat="50.97013" lon="4.18206">
        <ele>22.2</ele>
      </trkpt>
      <trkpt lat="50.97013" lon="4.18205">
        <ele>22.2</ele>
      </trkpt>
      <trkpt lat="50.970696" lon="4.181624">
        <ele>22.8</ele>
      </trkpt>
      <trkpt lat="50.970696" lon="4.181624">
        <ele>22.8</ele>
      </trkpt>
      <trkpt lat="50.970188" lon="4.179634">
        <ele>20.1</ele>
      </trkpt>
      <trkpt lat="50.97019" lon="4.17962">
        <ele>20.1</ele>
      </trkpt>
      <trkpt lat="50.97049" lon="4.17949">
        <ele>20.2</ele>
      </trkpt>
      <trkpt lat="50.97072" lon="4.17936">
        <ele>20.2</ele>
      </trkpt>
      <trkpt lat="50.97072" lon="4.17936">
        <ele>20.2</ele>
      </trkpt>
      <trkpt lat="50.9708" lon="4.179318">
        <ele>20.2</ele>
      </trkpt>
      <trkpt lat="50.97095" lon="4.17929">
        <ele>20.0</ele>
      </trkpt>
      <trkpt lat="50.97112" lon="4.17933">
        <ele>19.9</ele>
      </trkpt>
      <trkpt lat="50.97114" lon="4.178988">
        <ele>19.4</ele>
      </trkpt>
      <trkpt lat="50.97119" lon="4.17888">
        <ele>19.2</ele>
      </trkpt>
      <trkpt lat="50.9714" lon="4.1787">
        <ele>18.8</ele>
      </trkpt>
      <trkpt lat="50.97193" lon="4.17805">
        <ele>18.0</ele>
      </trkpt>
      <trkpt lat="50.97227" lon="4.17766">
        <ele>18.0</ele>
      </trkpt>
      <trkpt lat="50.97287" lon="4.17705">
        <ele>17.1</ele>
      </trkpt>
      <trkpt lat="50.97339" lon="4.176338">
        <ele>15.5</ele>
      </trkpt>
      <trkpt lat="50.97391" lon="4.175639">
        <ele>16.7</ele>
      </trkpt>
      <trkpt lat="50.97418" lon="4.17514">
        <ele>17.0</ele>
      </trkpt>
      <trkpt lat="50.97414" lon="4.17497">
        <ele>17.0</ele>
      </trkpt>
      <trkpt lat="50.97477" lon="4.174038">
        <ele>15.6</ele>
      </trkpt>
      <trkpt lat="50.97489" lon="4.17382">
        <ele>15.3</ele>
      </trkpt>
      <trkpt lat="50.97539" lon="4.17303">
        <ele>14.7</ele>
      </trkpt>
      <trkpt lat="50.9759" lon="4.17224">
        <ele>13.8</ele>
      </trkpt>
      <trkpt lat="50.97594" lon="4.17218">
        <ele>13.8</ele>
      </trkpt>
      <trkpt lat="50.97652" lon="4.17127">
        <ele>12.9</ele>
      </trkpt>
      <trkpt lat="50.9771" lon="4.17035">
        <ele>12.0</ele>
      </trkpt>
      <trkpt lat="50.9777" lon="4.16945">
        <ele>10.8</ele>
      </trkpt>
      <trkpt lat="50.97802" lon="4.168929">
        <ele>11.2</ele>
      </trkpt>
      <trkpt lat="50.97834" lon="4.1684">
        <ele>12.0</ele>
      </trkpt>
      <trkpt lat="50.97787" lon="4.16796">
        <ele>11.1</ele>
      </trkpt>
      <trkpt lat="50.97786" lon="4.167868">
        <ele>11.2</ele>
      </trkpt>
      <trkpt lat="50.97787" lon="4.16777">
        <ele>11.3</ele>
      </trkpt>
      <trkpt lat="50.97791" lon="4.1677">
        <ele>11.4</ele>
      </trkpt>
      <trkpt lat="50.97814" lon="4.167589">
        <ele>11.7</ele>
      </trkpt>
      <trkpt lat="50.97828" lon="4.1675">
        <ele>11.9</ele>
      </trkpt>
      <trkpt lat="50.97848" lon="4.1673">
        <ele>12.0</ele>
      </trkpt>
      <trkpt lat="50.97889" lon="4.16667">
        <ele>12.0</ele>
      </trkpt>
      <trkpt lat="50.97895" lon="4.16653">
        <ele>12.0</ele>
      </trkpt>
      <trkpt lat="50.97902" lon="4.166229">
        <ele>12.0</ele>
      </trkpt>
      <trkpt lat="50.97903" lon="4.16612">
        <ele>12.0</ele>
      </trkpt>
      <trkpt lat="50.979" lon="4.165288">
        <ele>12.0</ele>
      </trkpt>
      <trkpt lat="50.97901" lon="4.16504">
        <ele>12.0</ele>
      </trkpt>
      <trkpt lat="50.97901" lon="4.16504">
        <ele>12.0</ele>
      </trkpt>
      <trkpt lat="50.97909" lon="4.16453">
        <ele>11.4</ele>
      </trkpt>
      <trkpt lat="50.9792" lon="4.1642">
        <ele>11.0</ele>
      </trkpt>
      <trkpt lat="50.97927" lon="4.164049">
        <ele>11.0</ele>
      </trkpt>
      <trkpt lat="50.9796" lon="4.16348">
        <ele>11.0</ele>
      </trkpt>
      <trkpt lat="50.97967" lon="4.163319">
        <ele>11.0</ele>
      </trkpt>
      <trkpt lat="50.97976" lon="4.16303">
        <ele>11.0</ele>
      </trkpt>
      <trkpt lat="50.97977" lon="4.16293">
        <ele>11.0</ele>
      </trkpt>
      <trkpt lat="50.97979" lon="4.16226">
        <ele>11.0</ele>
      </trkpt>
      <trkpt lat="50.97978" lon="4.16179">
        <ele>11.0</ele>
      </trkpt>
      <trkpt lat="50.97968" lon="4.161539">
        <ele>11.0</ele>
      </trkpt>
      <trkpt lat="50.9795" lon="4.16084">
        <ele>11.0</ele>
      </trkpt>
      <trkpt lat="50.9795" lon="4.16084">
        <ele>11.0</ele>
      </trkpt>
      <trkpt lat="50.97933" lon="4.15988">
        <ele>10.9</ele>
      </trkpt>
      <trkpt lat="50.97929" lon="4.15977">
        <ele>10.7</ele>
      </trkpt>
      <trkpt lat="50.97925" lon="4.1597">
        <ele>10.6</ele>
      </trkpt>
      <trkpt lat="50.97917" lon="4.159659">
        <ele>10.6</ele>
      </trkpt>
      <trkpt lat="50.97892" lon="4.159589">
        <ele>11.1</ele>
      </trkpt>
      <trkpt lat="50.97878" lon="4.15958">
        <ele>11.4</ele>
      </trkpt>
      <trkpt lat="50.97874" lon="4.15955">
        <ele>11.5</ele>
      </trkpt>
      <trkpt lat="50.97872" lon="4.1595">
        <ele>11.5</ele>
      </trkpt>
      <trkpt lat="50.97861" lon="4.159049">
        <ele>11.3</ele>
      </trkpt>
      <trkpt lat="50.97858" lon="4.15881">
        <ele>11.4</ele>
      </trkpt>
      <trkpt lat="50.9786" lon="4.158508">
        <ele>11.4</ele>
      </trkpt>
      <trkpt lat="50.97869" lon="4.15825">
        <ele>11.2</ele>
      </trkpt>
      <trkpt lat="50.97892" lon="4.15768">
        <ele>11.4</ele>
      </trkpt>
      <trkpt lat="50.97924" lon="4.15711">
        <ele>11.0</ele>
      </trkpt>
      <trkpt lat="50.97955" lon="4.15653">
        <ele>10.9</ele>
      </trkpt>
      <trkpt lat="50.97963" lon="4.15627">
        <ele>10.7</ele>
      </trkpt>
      <trkpt lat="50.97962" lon="4.15599">
        <ele>10.6</ele>
      </trkpt>
      <trkpt lat="50.97906" lon="4.15609">
        <ele>11.2</ele>
      </trkpt>
      <trkpt lat="50.97899" lon="4.156068">
        <ele>11.3</ele>
      </trkpt>
      <trkpt lat="50.97888" lon="4.15596">
        <ele>11.4</ele>
      </trkpt>
      <trkpt lat="50.97851" lon="4.15521">
        <ele>11.8</ele>
      </trkpt>
      <trkpt lat="50.97818" lon="4.15462">
        <ele>12.5</ele>
      </trkpt>
      <trkpt lat="50.97785" lon="4.154029">
        <ele>13.0</ele>
      </trkpt>
      <trkpt lat="50.97787" lon="4.154">
        <ele>13.0</ele>
      </trkpt>
      <trkpt lat="50.97787" lon="4.154">
        <ele>13.0</ele>
      </trkpt>
      <trkpt lat="50.97805" lon="4.15379">
        <ele>13.0</ele>
      </trkpt>
      <trkpt lat="50.97865" lon="4.153158">
        <ele>12.0</ele>
      </trkpt>
      <trkpt lat="50.97888" lon="4.152999">
        <ele>11.4</ele>
      </trkpt>
      <trkpt lat="50.97902" lon="4.15292">
        <ele>11.2</ele>
      </trkpt>
      <trkpt lat="50.9792" lon="4.1528">
        <ele>11.0</ele>
      </trkpt>
      <trkpt lat="50.97963" lon="4.152389">
        <ele>11.0</ele>
      </trkpt>
      <trkpt lat="50.97973" lon="4.152319">
        <ele>11.0</ele>
      </trkpt>
      <trkpt lat="50.98021" lon="4.15217">
        <ele>10.6</ele>
      </trkpt>
      <trkpt lat="50.98035" lon="4.15211">
        <ele>10.4</ele>
      </trkpt>
      <trkpt lat="50.98079" lon="4.151849">
        <ele>9.3</ele>
      </trkpt>
      <trkpt lat="50.98123" lon="4.151589">
        <ele>9.5</ele>
      </trkpt>
      <trkpt lat="50.98133" lon="4.15155">
        <ele>9.7</ele>
      </trkpt>
      <trkpt lat="50.98141" lon="4.15154">
        <ele>9.7</ele>
      </trkpt>
      <trkpt lat="50.98206" lon="4.15147">
        <ele>10.1</ele>
      </trkpt>
      <trkpt lat="50.98242" lon="4.151449">
        <ele>10.2</ele>
      </trkpt>
      <trkpt lat="50.98272" lon="4.151449">
        <ele>10.1</ele>
      </trkpt>
      <trkpt lat="50.98297" lon="4.15147">
        <ele>10.0</ele>
      </trkpt>
      <trkpt lat="50.98323" lon="4.15151">
        <ele>9.9</ele>
      </trkpt>
      <trkpt lat="50.98363" lon="4.151589">
        <ele>9.6</ele>
      </trkpt>
      <trkpt lat="50.98371" lon="4.1516">
        <ele>9.5</ele>
      </trkpt>
      <trkpt lat="50.98418" lon="4.15154">
        <ele>9.0</ele>
      </trkpt>
      <trkpt lat="50.9844" lon="4.15151">
        <ele>8.9</ele>
      </trkpt>
      <trkpt lat="50.98452" lon="4.15147">
        <ele>8.9</ele>
      </trkpt>
      <trkpt lat="50.98465" lon="4.151449">
        <ele>8.8</ele>
      </trkpt>
      <trkpt lat="50.9853" lon="4.15142">
        <ele>8.8</ele>
      </trkpt>
      <trkpt lat="50.98583" lon="4.15157">
        <ele>9.0</ele>
      </trkpt>
      <trkpt lat="50.98598" lon="4.15158">
        <ele>9.2</ele>
      </trkpt>
      <trkpt lat="50.98598" lon="4.15154">
        <ele>9.2</ele>
      </trkpt>
      <trkpt lat="50.98598" lon="4.15154">
        <ele>9.2</ele>
      </trkpt>
      <trkpt lat="50.98598" lon="4.15135">
        <ele>9.2</ele>
      </trkpt>
      <trkpt lat="50.986" lon="4.15118">
        <ele>9.2</ele>
      </trkpt>
      <trkpt lat="50.98602" lon="4.15111">
        <ele>9.2</ele>
      </trkpt>
      <trkpt lat="50.98635" lon="4.15024">
        <ele>9.6</ele>
      </trkpt>
      <trkpt lat="50.98669" lon="4.149358">
        <ele>10.8</ele>
      </trkpt>
      <trkpt lat="50.98672" lon="4.1493">
        <ele>10.8</ele>
      </trkpt>
      <trkpt lat="50.98672" lon="4.1493">
        <ele>10.8</ele>
      </trkpt>
      <trkpt lat="50.987" lon="4.14855">
        <ele>11.0</ele>
      </trkpt>
      <trkpt lat="50.98718" lon="4.14817">
        <ele>10.8</ele>
      </trkpt>
      <trkpt lat="50.98766" lon="4.147458">
        <ele>9.4</ele>
      </trkpt>
      <trkpt lat="50.98788" lon="4.147179">
        <ele>8.4</ele>
      </trkpt>
      <trkpt lat="50.98801" lon="4.147039">
        <ele>7.9</ele>
      </trkpt>
      <trkpt lat="50.98828" lon="4.14669">
        <ele>7.1</ele>
      </trkpt>
      <trkpt lat="50.98847" lon="4.14689">
        <ele>7.2</ele>
      </trkpt>
      <trkpt lat="50.98856" lon="4.14696">
        <ele>7.3</ele>
      </trkpt>
      <trkpt lat="50.98874" lon="4.14705">
        <ele>7.5</ele>
      </trkpt>
      <trkpt lat="50.9889" lon="4.1471">
        <ele>7.7</ele>
      </trkpt>
      <trkpt lat="50.98946" lon="4.14727">
        <ele>7.6</ele>
      </trkpt>
      <trkpt lat="50.98946" lon="4.14727">
        <ele>7.6</ele>
      </trkpt>
      <trkpt lat="50.99009" lon="4.14745">
        <ele>6.9</ele>
      </trkpt>
      <trkpt lat="50.99072" lon="4.14763">
        <ele>6.2</ele>
      </trkpt>
      <trkpt lat="50.9913" lon="4.14781">
        <ele>6.9</ele>
      </trkpt>
      <trkpt lat="50.99188" lon="4.147999">
        <ele>7.8</ele>
      </trkpt>
      <trkpt lat="50.99189" lon="4.147979">
        <ele>7.7</ele>
      </trkpt>
      <trkpt lat="50.99188" lon="4.147979">
        <ele>7.7</ele>
      </trkpt>
      <trkpt lat="50.99189" lon="4.14789">
        <ele>7.6</ele>
      </trkpt>
      <trkpt lat="50.99196" lon="4.147369">
        <ele>6.9</ele>
      </trkpt>
      <trkpt lat="50.992" lon="4.14716">
        <ele>6.7</ele>
      </trkpt>
      <trkpt lat="50.99203" lon="4.14701">
        <ele>6.5</ele>
      </trkpt>
      <trkpt lat="50.99217" lon="4.14607">
        <ele>5.4</ele>
      </trkpt>
      <trkpt lat="50.9922" lon="4.14597">
        <ele>5.4</ele>
      </trkpt>
      <trkpt lat="50.99237" lon="4.14597">
        <ele>5.7</ele>
      </trkpt>
      <trkpt lat="50.99265" lon="4.14599">
        <ele>6.3</ele>
      </trkpt>
      <trkpt lat="50.9927" lon="4.14595">
        <ele>6.4</ele>
      </trkpt>
      <trkpt lat="50.99276" lon="4.14585">
        <ele>6.6</ele>
      </trkpt>
      <trkpt lat="50.99279" lon="4.14579">
        <ele>6.7</ele>
      </trkpt>
      <trkpt lat="50.99274" lon="4.1455">
        <ele>6.6</ele>
      </trkpt>
      <trkpt lat="50.99276" lon="4.1452">
        <ele>6.5</ele>
      </trkpt>
      <trkpt lat="50.99276" lon="4.14494">
        <ele>6.5</ele>
      </trkpt>
      <trkpt lat="50.99276" lon="4.144929">
        <ele>6.5</ele>
      </trkpt>
      <trkpt lat="50.99276" lon="4.144929">
        <ele>6.5</ele>
      </trkpt>
      <trkpt lat="50.99276" lon="4.14483">
        <ele>6.4</ele>
      </trkpt>
      <trkpt lat="50.99279" lon="4.14465">
        <ele>6.3</ele>
      </trkpt>
      <trkpt lat="50.99282" lon="4.144548">
        <ele>6.2</ele>
      </trkpt>
      <trkpt lat="50.99287" lon="4.14444">
        <ele>6.1</ele>
      </trkpt>
      <trkpt lat="50.99292" lon="4.144339">
        <ele>6.1</ele>
      </trkpt>
      <trkpt lat="50.99293" lon="4.14422">
        <ele>6.0</ele>
      </trkpt>
      <trkpt lat="50.99292" lon="4.14414">
        <ele>6.0</ele>
      </trkpt>
      <trkpt lat="50.99285" lon="4.14407">
        <ele>5.8</ele>
      </trkpt>
      <trkpt lat="50.9928" lon="4.14388">
        <ele>5.8</ele>
      </trkpt>
      <trkpt lat="50.99273" lon="4.14367">
        <ele>5.9</ele>
      </trkpt>
      <trkpt lat="50.99273" lon="4.14363">
        <ele>5.9</ele>
      </trkpt>
      <trkpt lat="50.99276" lon="4.14349">
        <ele>5.9</ele>
      </trkpt>
      <trkpt lat="50.99279" lon="4.14341">
        <ele>6.0</ele>
      </trkpt>
      <trkpt lat="50.99285" lon="4.14315">
        <ele>6.0</ele>
      </trkpt>
      <trkpt lat="50.99291" lon="4.14303">
        <ele>6.1</ele>
      </trkpt>
      <trkpt lat="50.99297" lon="4.14296">
        <ele>6.1</ele>
      </trkpt>
      <trkpt lat="50.99305" lon="4.14292">
        <ele>6.2</ele>
      </trkpt>
      <trkpt lat="50.99314" lon="4.14293">
        <ele>6.3</ele>
      </trkpt>
      <trkpt lat="50.99325" lon="4.14299">
        <ele>6.3</ele>
      </trkpt>
      <trkpt lat="50.99341" lon="4.143119">
        <ele>6.2</ele>
      </trkpt>
      <trkpt lat="50.99346" lon="4.14306">
        <ele>6.3</ele>
      </trkpt>
      <trkpt lat="50.99346" lon="4.14306">
        <ele>6.3</ele>
      </trkpt>
      <trkpt lat="50.99351" lon="4.143">
        <ele>6.3</ele>
      </trkpt>
      <trkpt lat="50.99356" lon="4.14292">
        <ele>6.4</ele>
      </trkpt>
      <trkpt lat="50.99357" lon="4.142858">
        <ele>6.4</ele>
      </trkpt>
      <trkpt lat="50.99362" lon="4.1428">
        <ele>6.4</ele>
      </trkpt>
      <trkpt lat="50.99387" lon="4.14293">
        <ele>6.2</ele>
      </trkpt>
      <trkpt lat="50.99406" lon="4.14311">
        <ele>6.0</ele>
      </trkpt>
      <trkpt lat="50.99414" lon="4.14322">
        <ele>6.0</ele>
      </trkpt>
      <trkpt lat="50.9942" lon="4.14313">
        <ele>6.0</ele>
      </trkpt>
      <trkpt lat="50.99423" lon="4.14303">
        <ele>6.0</ele>
      </trkpt>
      <trkpt lat="50.99425" lon="4.14297">
        <ele>6.0</ele>
      </trkpt>
      <trkpt lat="50.99429" lon="4.14262">
        <ele>5.9</ele>
      </trkpt>
      <trkpt lat="50.99432" lon="4.14243">
        <ele>5.8</ele>
      </trkpt>
      <trkpt lat="50.99441" lon="4.142299">
        <ele>5.7</ele>
      </trkpt>
      <trkpt lat="50.99448" lon="4.14213">
        <ele>5.6</ele>
      </trkpt>
      <trkpt lat="50.99448" lon="4.14213">
        <ele>5.6</ele>
      </trkpt>
      <trkpt lat="50.99453" lon="4.14199">
        <ele>5.6</ele>
      </trkpt>
      <trkpt lat="50.99452" lon="4.14191">
        <ele>5.6</ele>
      </trkpt>
      <trkpt lat="50.99443" lon="4.1418">
        <ele>5.7</ele>
      </trkpt>
      <trkpt lat="50.99468" lon="4.141219">
        <ele>5.6</ele>
      </trkpt>
      <trkpt lat="50.99469" lon="4.14118">
        <ele>5.6</ele>
      </trkpt>
      <trkpt lat="50.99467" lon="4.14106">
        <ele>5.7</ele>
      </trkpt>
      <trkpt lat="50.99476" lon="4.14086">
        <ele>5.6</ele>
      </trkpt>
      <trkpt lat="50.9948" lon="4.14086">
        <ele>5.5</ele>
      </trkpt>
      <trkpt lat="50.995" lon="4.14039">
        <ele>5.0</ele>
      </trkpt>
      <trkpt lat="50.99497" lon="4.14037">
        <ele>5.1</ele>
      </trkpt>
      <trkpt lat="50.99524" lon="4.13977">
        <ele>5.5</ele>
      </trkpt>
      <trkpt lat="50.99529" lon="4.13983">
        <ele>5.5</ele>
      </trkpt>
      <trkpt lat="50.9956" lon="4.14016">
        <ele>5.7</ele>
      </trkpt>
      <trkpt lat="50.99557" lon="4.14051">
        <ele>5.7</ele>
      </trkpt>
      <trkpt lat="50.99559" lon="4.14074">
        <ele>5.7</ele>
      </trkpt>
      <trkpt lat="50.99563" lon="4.14091">
        <ele>5.8</ele>
      </trkpt>
      <trkpt lat="50.99566" lon="4.141028">
        <ele>6.0</ele>
      </trkpt>
      <trkpt lat="50.99573" lon="4.1412">
        <ele>6.3</ele>
      </trkpt>
      <trkpt lat="50.99617" lon="4.14212">
        <ele>6.4</ele>
      </trkpt>
      <trkpt lat="50.9966" lon="4.143049">
        <ele>6.7</ele>
      </trkpt>
      <trkpt lat="50.99662" lon="4.14302">
        <ele>6.6</ele>
      </trkpt>
      <trkpt lat="50.99662" lon="4.14302">
        <ele>6.6</ele>
      </trkpt>
      <trkpt lat="50.99683" lon="4.14276">
        <ele>6.2</ele>
      </trkpt>
      <trkpt lat="50.99692" lon="4.14262">
        <ele>6.1</ele>
      </trkpt>
      <trkpt lat="50.99707" lon="4.14233">
        <ele>6.0</ele>
      </trkpt>
      <trkpt lat="50.99707" lon="4.14233">
        <ele>6.0</ele>
      </trkpt>
      <trkpt lat="50.997453" lon="4.142628">
        <ele>5.9</ele>
      </trkpt>
      <trkpt lat="50.997587" lon="4.142833">
        <ele>5.6</ele>
      </trkpt>
      <trkpt lat="50.997659" lon="4.142729">
        <ele>5.8</ele>
      </trkpt>
      <trkpt lat="50.997992" lon="4.141719">
        <ele>6.4</ele>
      </trkpt>
      <trkpt lat="50.998014" lon="4.141657">
        <ele>6.4</ele>
      </trkpt>
      <trkpt lat="50.998002" lon="4.141584">
        <ele>6.3</ele>
      </trkpt>
      <trkpt lat="50.998178" lon="4.141758">
        <ele>6.2</ele>
      </trkpt>
      <trkpt lat="50.99822" lon="4.14179">
        <ele>6.1</ele>
      </trkpt>
      <trkpt lat="50.998404" lon="4.141216">
        <ele>5.5</ele>
      </trkpt>
      <trkpt lat="50.998623" lon="4.140996">
        <ele>5.2</ele>
      </trkpt>
      <trkpt lat="50.998529" lon="4.140899">
        <ele>5.1</ele>
      </trkpt>
      <trkpt lat="50.998779" lon="4.140106">
        <ele>5.0</ele>
      </trkpt>
      <trkpt lat="50.99901" lon="4.140443">
        <ele>5.0</ele>
      </trkpt>
      <trkpt lat="50.99901" lon="4.140443">
        <ele>5.0</ele>
      </trkpt>
      <trkpt lat="50.999552" lon="4.141593">
        <ele>6.0</ele>
      </trkpt>
      <trkpt lat="50.999552" lon="4.141593">
        <ele>6.0</ele>
      </trkpt>
      <trkpt lat="50.998703" lon="4.142673">
        <ele>6.0</ele>
      </trkpt>
      <trkpt lat="50.998703" lon="4.142673">
        <ele>6.0</ele>
      </trkpt>
      <trkpt lat="50.998019" lon="4.143614">
        <ele>5.8</ele>
      </trkpt>
      <trkpt lat="50.997335" lon="4.144558">
        <ele>7.0</ele>
      </trkpt>
      <trkpt lat="50.99734" lon="4.14456">
        <ele>7.0</ele>
      </trkpt>
      <trkpt lat="50.99778" lon="4.145489">
        <ele>7.5</ele>
      </trkpt>
      <trkpt lat="50.99786" lon="4.14562">
        <ele>7.5</ele>
      </trkpt>
      <trkpt lat="50.99825" lon="4.146">
        <ele>7.3</ele>
      </trkpt>
      <trkpt lat="50.99865" lon="4.14637">
        <ele>7.5</ele>
      </trkpt>
      <trkpt lat="50.99941" lon="4.14688">
        <ele>7.7</ele>
      </trkpt>
      <trkpt lat="50.99949" lon="4.14703">
        <ele>7.6</ele>
      </trkpt>
      <trkpt lat="50.99955" lon="4.147109">
        <ele>7.5</ele>
      </trkpt>
      <trkpt lat="50.9997" lon="4.14681">
        <ele>7.4</ele>
      </trkpt>
      <trkpt lat="50.99979" lon="4.1466">
        <ele>7.2</ele>
      </trkpt>
      <trkpt lat="50.9998" lon="4.14653">
        <ele>7.0</ele>
      </trkpt>
      <trkpt lat="50.99995" lon="4.146238">
        <ele>6.5</ele>
      </trkpt>
      <trkpt lat="51.0005" lon="4.14522">
        <ele>5.7</ele>
      </trkpt>
      <trkpt lat="51.00113" lon="4.14468">
        <ele>5.8</ele>
      </trkpt>
      <trkpt lat="51.00128" lon="4.14456">
        <ele>5.7</ele>
      </trkpt>
      <trkpt lat="51.00127" lon="4.14452">
        <ele>5.8</ele>
      </trkpt>
      <trkpt lat="51.00133" lon="4.144478">
        <ele>5.8</ele>
      </trkpt>
      <trkpt lat="51.00132" lon="4.14443">
        <ele>5.8</ele>
      </trkpt>
      <trkpt lat="51.00146" lon="4.144319">
        <ele>5.9</ele>
      </trkpt>
      <trkpt lat="51.00169" lon="4.14505">
        <ele>5.0</ele>
      </trkpt>
      <trkpt lat="51.00177" lon="4.145158">
        <ele>5.1</ele>
      </trkpt>
      <trkpt lat="51.0018" lon="4.145298">
        <ele>5.2</ele>
      </trkpt>
      <trkpt lat="51.00185" lon="4.14526">
        <ele>5.2</ele>
      </trkpt>
      <trkpt lat="51.00228" lon="4.14465">
        <ele>6.2</ele>
      </trkpt>
      <trkpt lat="51.00274" lon="4.14418">
        <ele>7.0</ele>
      </trkpt>
      <trkpt lat="51.00275" lon="4.14414">
        <ele>7.0</ele>
      </trkpt>
      <trkpt lat="51.0028" lon="4.14349">
        <ele>7.8</ele>
      </trkpt>
      <trkpt lat="51.00279" lon="4.14339">
        <ele>7.9</ele>
      </trkpt>
      <trkpt lat="51.0029" lon="4.143468">
        <ele>7.8</ele>
      </trkpt>
      <trkpt lat="51.00298" lon="4.143589">
        <ele>7.7</ele>
      </trkpt>
      <trkpt lat="51.00298" lon="4.143589">
        <ele>7.7</ele>
      </trkpt>
      <trkpt lat="51.00354" lon="4.144618">
        <ele>6.5</ele>
      </trkpt>
      <trkpt lat="51.00387" lon="4.14494">
        <ele>6.1</ele>
      </trkpt>
      <trkpt lat="51.00398" lon="4.14551">
        <ele>6.0</ele>
      </trkpt>
      <trkpt lat="51.00413" lon="4.14634">
        <ele>6.0</ele>
      </trkpt>
      <trkpt lat="51.00397" lon="4.14646">
        <ele>5.8</ele>
      </trkpt>
      <trkpt lat="51.00424" lon="4.14689">
        <ele>5.9</ele>
      </trkpt>
      <trkpt lat="51.00428" lon="4.1471">
        <ele>5.8</ele>
      </trkpt>
      <trkpt lat="51.00427" lon="4.14745">
        <ele>5.8</ele>
      </trkpt>
      <trkpt lat="51.00429" lon="4.14782">
        <ele>5.3</ele>
      </trkpt>
      <trkpt lat="51.00436" lon="4.1479">
        <ele>5.1</ele>
      </trkpt>
      <trkpt lat="51.00447" lon="4.147929">
        <ele>4.8</ele>
      </trkpt>
      <trkpt lat="51.00482" lon="4.14781">
        <ele>4.1</ele>
      </trkpt>
      <trkpt lat="51.0054" lon="4.147509">
        <ele>4.0</ele>
      </trkpt>
      <trkpt lat="51.00599" lon="4.14838">
        <ele>5.0</ele>
      </trkpt>
      <trkpt lat="51.00657" lon="4.14925">
        <ele>5.1</ele>
      </trkpt>
      <trkpt lat="51.00669" lon="4.149409">
        <ele>5.3</ele>
      </trkpt>
      <trkpt lat="51.00669" lon="4.149409">
        <ele>5.3</ele>
      </trkpt>
      <trkpt lat="51.0068" lon="4.14954">
        <ele>5.4</ele>
      </trkpt>
      <trkpt lat="51.00738" lon="4.149949">
        <ele>5.9</ele>
      </trkpt>
      <trkpt lat="51.0078" lon="4.15048">
        <ele>6.2</ele>
      </trkpt>
      <trkpt lat="51.00782" lon="4.15047">
        <ele>6.2</ele>
      </trkpt>
      <trkpt lat="51.00782" lon="4.15047">
        <ele>6.2</ele>
      </trkpt>
      <trkpt lat="51.0078" lon="4.15048">
        <ele>6.2</ele>
      </trkpt>
      <trkpt lat="51.00762" lon="4.15081">
        <ele>6.1</ele>
      </trkpt>
      <trkpt lat="51.00752" lon="4.15104">
        <ele>6.0</ele>
      </trkpt>
      <trkpt lat="51.00754" lon="4.15107">
        <ele>6.1</ele>
      </trkpt>
      <trkpt lat="51.00754" lon="4.15107">
        <ele>6.1</ele>
      </trkpt>
      <trkpt lat="51.00758" lon="4.15115">
        <ele>6.1</ele>
      </trkpt>
      <trkpt lat="51.00784" lon="4.151779">
        <ele>6.9</ele>
      </trkpt>
      <trkpt lat="51.00811" lon="4.152408">
        <ele>7.7</ele>
      </trkpt>
      <trkpt lat="51.00834" lon="4.15294">
        <ele>8.0</ele>
      </trkpt>
      <trkpt lat="51.00869" lon="4.15374">
        <ele>7.6</ele>
      </trkpt>
      <trkpt lat="51.00904" lon="4.15454">
        <ele>8.1</ele>
      </trkpt>
      <trkpt lat="51.00936" lon="4.15533">
        <ele>8.7</ele>
      </trkpt>
      <trkpt lat="51.00968" lon="4.15611">
        <ele>7.5</ele>
      </trkpt>
      <trkpt lat="51.01" lon="4.15699">
        <ele>6.4</ele>
      </trkpt>
      <trkpt lat="51.01032" lon="4.157879">
        <ele>7.1</ele>
      </trkpt>
      <trkpt lat="51.01034" lon="4.15796">
        <ele>7.1</ele>
      </trkpt>
      <trkpt lat="51.01031" lon="4.15833">
        <ele>7.6</ele>
      </trkpt>
      <trkpt lat="51.01029" lon="4.15835">
        <ele>7.7</ele>
      </trkpt>
      <trkpt lat="51.01029" lon="4.15835">
        <ele>7.7</ele>
      </trkpt>
      <trkpt lat="51.01023" lon="4.15843">
        <ele>7.8</ele>
      </trkpt>
      <trkpt lat="51.01032" lon="4.15843">
        <ele>7.7</ele>
      </trkpt>
      <trkpt lat="51.01038" lon="4.15848">
        <ele>7.6</ele>
      </trkpt>
      <trkpt lat="51.01045" lon="4.158559">
        <ele>7.6</ele>
      </trkpt>
      <trkpt lat="51.0106" lon="4.15913">
        <ele>8.0</ele>
      </trkpt>
      <trkpt lat="51.0106" lon="4.15913">
        <ele>8.0</ele>
      </trkpt>
      <trkpt lat="51.01061" lon="4.159169">
        <ele>8.0</ele>
      </trkpt>
      <trkpt lat="51.01086" lon="4.1601">
        <ele>9.9</ele>
      </trkpt>
      <trkpt lat="51.01112" lon="4.16103">
        <ele>9.2</ele>
      </trkpt>
      <trkpt lat="51.01142" lon="4.16206">
        <ele>8.4</ele>
      </trkpt>
      <trkpt lat="51.01171" lon="4.16309">
        <ele>8.0</ele>
      </trkpt>
      <trkpt lat="51.01186" lon="4.16368">
        <ele>8.0</ele>
      </trkpt>
      <trkpt lat="51.01229" lon="4.1649">
        <ele>8.0</ele>
      </trkpt>
      <trkpt lat="51.01272" lon="4.16612">
        <ele>7.6</ele>
      </trkpt>
      <trkpt lat="51.01315" lon="4.167328">
        <ele>6.6</ele>
      </trkpt>
      <trkpt lat="51.01336" lon="4.16774">
        <ele>6.3</ele>
      </trkpt>
      <trkpt lat="51.01354" lon="4.16797">
        <ele>6.6</ele>
      </trkpt>
      <trkpt lat="51.01363" lon="4.167779">
        <ele>6.3</ele>
      </trkpt>
      <trkpt lat="51.01388" lon="4.1675">
        <ele>6.0</ele>
      </trkpt>
      <trkpt lat="51.01419" lon="4.16708">
        <ele>5.5</ele>
      </trkpt>
      <trkpt lat="51.01457" lon="4.16679">
        <ele>5.6</ele>
      </trkpt>
      <trkpt lat="51.01479" lon="4.166718">
        <ele>5.8</ele>
      </trkpt>
      <trkpt lat="51.01512" lon="4.166699">
        <ele>6.0</ele>
      </trkpt>
      <trkpt lat="51.01512" lon="4.166699">
        <ele>6.0</ele>
      </trkpt>
      <trkpt lat="51.01572" lon="4.16666">
        <ele>6.0</ele>
      </trkpt>
      <trkpt lat="51.01631" lon="4.16662">
        <ele>5.5</ele>
      </trkpt>
      <trkpt lat="51.017" lon="4.166648">
        <ele>4.6</ele>
      </trkpt>
      <trkpt lat="51.01769" lon="4.16667">
        <ele>4.9</ele>
      </trkpt>
      <trkpt lat="51.01838" lon="4.166699">
        <ele>8.2</ele>
      </trkpt>
      <trkpt lat="51.01831" lon="4.16797">
        <ele>9.5</ele>
      </trkpt>
      <trkpt lat="51.01824" lon="4.16923">
        <ele>7.6</ele>
      </trkpt>
      <trkpt lat="51.01817" lon="4.17049">
        <ele>6.0</ele>
      </trkpt>
      <trkpt lat="51.0181" lon="4.17176">
        <ele>6.2</ele>
      </trkpt>
      <trkpt lat="51.01803" lon="4.17302">
        <ele>5.4</ele>
      </trkpt>
      <trkpt lat="51.01796" lon="4.17428">
        <ele>5.1</ele>
      </trkpt>
      <trkpt lat="51.01788" lon="4.17555">
        <ele>6.0</ele>
      </trkpt>
      <trkpt lat="51.01781" lon="4.176809">
        <ele>6.7</ele>
      </trkpt>
      <trkpt lat="51.01781" lon="4.176809">
        <ele>6.7</ele>
      </trkpt>
      <trkpt lat="51.01781" lon="4.176809">
        <ele>6.7</ele>
      </trkpt>
      <trkpt lat="51.01781" lon="4.17689">
        <ele>6.7</ele>
      </trkpt>
      <trkpt lat="51.01796" lon="4.17677">
        <ele>6.5</ele>
      </trkpt>
      <trkpt lat="51.01791" lon="4.17764">
        <ele>7.2</ele>
      </trkpt>
      <trkpt lat="51.01786" lon="4.17851">
        <ele>7.9</ele>
      </trkpt>
      <trkpt lat="51.01786" lon="4.17851">
        <ele>7.9</ele>
      </trkpt>
      <trkpt lat="51.01779" lon="4.17961">
        <ele>7.5</ele>
      </trkpt>
      <trkpt lat="51.01771" lon="4.18072">
        <ele>7.3</ele>
      </trkpt>
      <trkpt lat="51.01764" lon="4.18182">
        <ele>7.8</ele>
      </trkpt>
      <trkpt lat="51.01756" lon="4.18292">
        <ele>8.4</ele>
      </trkpt>
      <trkpt lat="51.01755" lon="4.18328">
        <ele>8.9</ele>
      </trkpt>
      <trkpt lat="51.01759" lon="4.18351">
        <ele>8.9</ele>
      </trkpt>
      <trkpt lat="51.01786" lon="4.18445">
        <ele>8.7</ele>
      </trkpt>
      <trkpt lat="51.01792" lon="4.18461">
        <ele>8.8</ele>
      </trkpt>
      <trkpt lat="51.01798" lon="4.18473">
        <ele>8.8</ele>
      </trkpt>
      <trkpt lat="51.01813" lon="4.18489">
        <ele>8.9</ele>
      </trkpt>
      <trkpt lat="51.01828" lon="4.18499">
        <ele>9.0</ele>
      </trkpt>
      <trkpt lat="51.01837" lon="4.18501">
        <ele>9.0</ele>
      </trkpt>
      <trkpt lat="51.01868" lon="4.184999">
        <ele>8.6</ele>
      </trkpt>
      <trkpt lat="51.01914" lon="4.184948">
        <ele>8.0</ele>
      </trkpt>
      <trkpt lat="51.01959" lon="4.1849">
        <ele>7.4</ele>
      </trkpt>
      <trkpt lat="51.01984" lon="4.18487">
        <ele>7.2</ele>
      </trkpt>
      <trkpt lat="51.02007" lon="4.18487">
        <ele>7.0</ele>
      </trkpt>
      <trkpt lat="51.02022" lon="4.1849">
        <ele>7.0</ele>
      </trkpt>
      <trkpt lat="51.02035" lon="4.18496">
        <ele>7.0</ele>
      </trkpt>
      <trkpt lat="51.0204" lon="4.18492">
        <ele>7.0</ele>
      </trkpt>
      <trkpt lat="51.02047" lon="4.18492">
        <ele>7.0</ele>
      </trkpt>
      <trkpt lat="51.02052" lon="4.184929">
        <ele>7.0</ele>
      </trkpt>
      <trkpt lat="51.02061" lon="4.18497">
        <ele>7.0</ele>
      </trkpt>
      <trkpt lat="51.02087" lon="4.185139">
        <ele>6.9</ele>
      </trkpt>
      <trkpt lat="51.02101" lon="4.18525">
        <ele>6.6</ele>
      </trkpt>
      <trkpt lat="51.02108" lon="4.18534">
        <ele>6.5</ele>
      </trkpt>
      <trkpt lat="51.02115" lon="4.18544">
        <ele>6.4</ele>
      </trkpt>
      <trkpt lat="51.0212" lon="4.185558">
        <ele>6.4</ele>
      </trkpt>
      <trkpt lat="51.02152" lon="4.185088">
        <ele>5.4</ele>
      </trkpt>
      <trkpt lat="51.02188" lon="4.18443">
        <ele>5.4</ele>
      </trkpt>
      <trkpt lat="51.02193" lon="4.1843">
        <ele>5.5</ele>
      </trkpt>
      <trkpt lat="51.02195" lon="4.184179">
        <ele>5.6</ele>
      </trkpt>
      <trkpt lat="51.02195" lon="4.18407">
        <ele>5.7</ele>
      </trkpt>
      <trkpt lat="51.02189" lon="4.18304">
        <ele>5.4</ele>
      </trkpt>
      <trkpt lat="51.0219" lon="4.18285">
        <ele>5.1</ele>
      </trkpt>
      <trkpt lat="51.02193" lon="4.18257">
        <ele>4.8</ele>
      </trkpt>
      <trkpt lat="51.02197" lon="4.182368">
        <ele>4.5</ele>
      </trkpt>
      <trkpt lat="51.02203" lon="4.182159">
        <ele>4.3</ele>
      </trkpt>
      <trkpt lat="51.02233" lon="4.18137">
        <ele>4.4</ele>
      </trkpt>
      <trkpt lat="51.02267" lon="4.18022">
        <ele>5.0</ele>
      </trkpt>
      <trkpt lat="51.02267" lon="4.18022">
        <ele>5.0</ele>
      </trkpt>
      <trkpt lat="51.02288" lon="4.179509">
        <ele>4.4</ele>
      </trkpt>
      <trkpt lat="51.02293" lon="4.179388">
        <ele>4.3</ele>
      </trkpt>
      <trkpt lat="51.02307" lon="4.17924">
        <ele>4.1</ele>
      </trkpt>
      <trkpt lat="51.02341" lon="4.17898">
        <ele>4.0</ele>
      </trkpt>
      <trkpt lat="51.02377" lon="4.178619">
        <ele>4.0</ele>
      </trkpt>
      <trkpt lat="51.02394" lon="4.178378">
        <ele>4.0</ele>
      </trkpt>
      <trkpt lat="51.02399" lon="4.17827">
        <ele>4.1</ele>
      </trkpt>
      <trkpt lat="51.02405" lon="4.17848">
        <ele>4.0</ele>
      </trkpt>
      <trkpt lat="51.02405" lon="4.17848">
        <ele>4.0</ele>
      </trkpt>
      <trkpt lat="51.02427" lon="4.1792">
        <ele>4.0</ele>
      </trkpt>
      <trkpt lat="51.0245" lon="4.179928">
        <ele>4.9</ele>
      </trkpt>
      <trkpt lat="51.02453" lon="4.18001">
        <ele>5.0</ele>
      </trkpt>
      <trkpt lat="51.02457" lon="4.18004">
        <ele>5.0</ele>
      </trkpt>
      <trkpt lat="51.02493" lon="4.17999">
        <ele>5.0</ele>
      </trkpt>
      <trkpt lat="51.02557" lon="4.179859">
        <ele>4.8</ele>
      </trkpt>
      <trkpt lat="51.0257" lon="4.179859">
        <ele>4.8</ele>
      </trkpt>
      <trkpt lat="51.02603" lon="4.17994">
        <ele>5.2</ele>
      </trkpt>
      <trkpt lat="51.02678" lon="4.18017">
        <ele>5.9</ele>
      </trkpt>
      <trkpt lat="51.02728" lon="4.18034">
        <ele>5.3</ele>
      </trkpt>
      <trkpt lat="51.02762" lon="4.18049">
        <ele>5.0</ele>
      </trkpt>
      <trkpt lat="51.0277" lon="4.18058">
        <ele>5.0</ele>
      </trkpt>
      <trkpt lat="51.02778" lon="4.18057">
        <ele>5.0</ele>
      </trkpt>
      <trkpt lat="51.02831" lon="4.180748">
        <ele>5.0</ele>
      </trkpt>
      <trkpt lat="51.02863" lon="4.180818">
        <ele>5.4</ele>
      </trkpt>
      <trkpt lat="51.02872" lon="4.180818">
        <ele>5.5</ele>
      </trkpt>
      <trkpt lat="51.02878" lon="4.18076">
        <ele>5.5</ele>
      </trkpt>
      <trkpt lat="51.02879" lon="4.18078">
        <ele>5.5</ele>
      </trkpt>
      <trkpt lat="51.02878" lon="4.18076">
        <ele>5.5</ele>
      </trkpt>
      <trkpt lat="51.02885" lon="4.180538">
        <ele>5.6</ele>
      </trkpt>
      <trkpt lat="51.02893" lon="4.18015">
        <ele>5.7</ele>
      </trkpt>
      <trkpt lat="51.02903" lon="4.1798">
        <ele>5.9</ele>
      </trkpt>
      <trkpt lat="51.02903" lon="4.1798">
        <ele>5.9</ele>
      </trkpt>
      <trkpt lat="51.02904" lon="4.17974">
        <ele>5.9</ele>
      </trkpt>
      <trkpt lat="51.02912" lon="4.17955">
        <ele>6.0</ele>
      </trkpt>
      <trkpt lat="51.02915" lon="4.179509">
        <ele>6.0</ele>
      </trkpt>
      <trkpt lat="51.02961" lon="4.17874">
        <ele>5.7</ele>
      </trkpt>
      <trkpt lat="51.029611" lon="4.17874">
        <ele>5.7</ele>
      </trkpt>
      <trkpt lat="51.029901" lon="4.179684">
        <ele>6.5</ele>
      </trkpt>
      <trkpt lat="51.029957" lon="4.179889">
        <ele>6.8</ele>
      </trkpt>
      <trkpt lat="51.030155" lon="4.180087">
        <ele>7.4</ele>
      </trkpt>
      <trkpt lat="51.030584" lon="4.180322">
        <ele>8.1</ele>
      </trkpt>
      <trkpt lat="51.03133" lon="4.180932">
        <ele>5.5</ele>
      </trkpt>
      <trkpt lat="51.031789" lon="4.181374">
        <ele>3.4</ele>
      </trkpt>
      <trkpt lat="51.031886" lon="4.181256">
        <ele>3.5</ele>
      </trkpt>
      <trkpt lat="51.03188" lon="4.18125">
        <ele>3.5</ele>
      </trkpt>
      <trkpt lat="51.0319" lon="4.18123">
        <ele>3.5</ele>
      </trkpt>
      <trkpt lat="51.03192" lon="4.18156">
        <ele>3.1</ele>
      </trkpt>
      <trkpt lat="51.03192" lon="4.18156">
        <ele>3.1</ele>
      </trkpt>
      <trkpt lat="51.03193" lon="4.18167">
        <ele>3.0</ele>
      </trkpt>
      <trkpt lat="51.03189" lon="4.18259">
        <ele>3.1</ele>
      </trkpt>
      <trkpt lat="51.03186" lon="4.18273">
        <ele>3.2</ele>
      </trkpt>
      <trkpt lat="51.03155" lon="4.18367">
        <ele>4.0</ele>
      </trkpt>
      <trkpt lat="51.03147" lon="4.184">
        <ele>4.0</ele>
      </trkpt>
      <trkpt lat="51.03143" lon="4.18424">
        <ele>4.0</ele>
      </trkpt>
      <trkpt lat="51.03142" lon="4.18447">
        <ele>3.9</ele>
      </trkpt>
      <trkpt lat="51.03142" lon="4.18562">
        <ele>3.6</ele>
      </trkpt>
      <trkpt lat="51.03145" lon="4.18602">
        <ele>3.7</ele>
      </trkpt>
      <trkpt lat="51.03176" lon="4.18728">
        <ele>5.2</ele>
      </trkpt>
      <trkpt lat="51.03186" lon="4.187579">
        <ele>5.7</ele>
      </trkpt>
      <trkpt lat="51.03208" lon="4.18823">
        <ele>5.2</ele>
      </trkpt>
      <trkpt lat="51.03228" lon="4.188748">
        <ele>4.5</ele>
      </trkpt>
      <trkpt lat="51.03262" lon="4.18944">
        <ele>3.8</ele>
      </trkpt>
      <trkpt lat="51.03273" lon="4.18963">
        <ele>3.7</ele>
      </trkpt>
      <trkpt lat="51.03287" lon="4.18985">
        <ele>3.6</ele>
      </trkpt>
      <trkpt lat="51.03305" lon="4.19008">
        <ele>3.8</ele>
      </trkpt>
      <trkpt lat="51.03335" lon="4.19043">
        <ele>4.4</ele>
      </trkpt>
      <trkpt lat="51.03381" lon="4.19059">
        <ele>3.1</ele>
      </trkpt>
      <trkpt lat="51.03393" lon="4.1906">
        <ele>2.7</ele>
      </trkpt>
      <trkpt lat="51.03465" lon="4.19045">
        <ele>3.1</ele>
      </trkpt>
      <trkpt lat="51.03483" lon="4.19045">
        <ele>3.9</ele>
      </trkpt>
      <trkpt lat="51.03517" lon="4.190489">
        <ele>4.5</ele>
      </trkpt>
      <trkpt lat="51.03529" lon="4.19053">
        <ele>4.4</ele>
      </trkpt>
      <trkpt lat="51.03541" lon="4.190578">
        <ele>4.4</ele>
      </trkpt>
      <trkpt lat="51.03554" lon="4.19066">
        <ele>4.3</ele>
      </trkpt>
      <trkpt lat="51.0359" lon="4.190909">
        <ele>3.7</ele>
      </trkpt>
      <trkpt lat="51.03622" lon="4.19108">
        <ele>2.4</ele>
      </trkpt>
      <trkpt lat="51.03681" lon="4.19133">
        <ele>1.6</ele>
      </trkpt>
      <trkpt lat="51.03717" lon="4.191449">
        <ele>2.4</ele>
      </trkpt>
      <trkpt lat="51.03738" lon="4.19161">
        <ele>2.9</ele>
      </trkpt>
      <trkpt lat="51.03761" lon="4.191658">
        <ele>3.1</ele>
      </trkpt>
      <trkpt lat="51.03778" lon="4.19168">
        <ele>3.3</ele>
      </trkpt>
      <trkpt lat="51.03806" lon="4.1917">
        <ele>3.7</ele>
      </trkpt>
      <trkpt lat="51.03818" lon="4.19168">
        <ele>3.8</ele>
      </trkpt>
      <trkpt lat="51.03824" lon="4.19161">
        <ele>3.9</ele>
      </trkpt>
      <trkpt lat="51.03896" lon="4.19156">
        <ele>3.7</ele>
      </trkpt>
      <trkpt lat="51.03943" lon="4.19149">
        <ele>2.9</ele>
      </trkpt>
      <trkpt lat="51.03991" lon="4.19142">
        <ele>1.9</ele>
      </trkpt>
      <trkpt lat="51.04032" lon="4.19136">
        <ele>1.6</ele>
      </trkpt>
      <trkpt lat="51.04077" lon="4.191239">
        <ele>1.5</ele>
      </trkpt>
      <trkpt lat="51.04122" lon="4.19111">
        <ele>1.3</ele>
      </trkpt>
      <trkpt lat="51.04159" lon="4.190978">
        <ele>1.2</ele>
      </trkpt>
      <trkpt lat="51.04189" lon="4.19083">
        <ele>1.3</ele>
      </trkpt>
      <trkpt lat="51.04211" lon="4.19069">
        <ele>1.3</ele>
      </trkpt>
      <trkpt lat="51.04245" lon="4.19043">
        <ele>1.0</ele>
      </trkpt>
      <trkpt lat="51.04308" lon="4.189809">
        <ele>3.0</ele>
      </trkpt>
      <trkpt lat="51.04315" lon="4.189758">
        <ele>3.2</ele>
      </trkpt>
      <trkpt lat="51.04337" lon="4.18958">
        <ele>3.5</ele>
      </trkpt>
      <trkpt lat="51.04394" lon="4.18923">
        <ele>2.2</ele>
      </trkpt>
      <trkpt lat="51.04422" lon="4.189009">
        <ele>1.6</ele>
      </trkpt>
      <trkpt lat="51.04439" lon="4.18889">
        <ele>1.2</ele>
      </trkpt>
      <trkpt lat="51.04495" lon="4.188589">
        <ele>0.3</ele>
      </trkpt>
      <trkpt lat="51.04536" lon="4.18844">
        <ele>0.1</ele>
      </trkpt>
      <trkpt lat="51.0456" lon="4.188449">
        <ele>0.1</ele>
      </trkpt>
      <trkpt lat="51.04568" lon="4.18842">
        <ele>0.1</ele>
      </trkpt>
      <trkpt lat="51.04581" lon="4.18834">
        <ele>0.0</ele>
      </trkpt>
      <trkpt lat="51.04592" lon="4.18832">
        <ele>0.0</ele>
      </trkpt>
      <trkpt lat="51.04635" lon="4.1885">
        <ele>0.2</ele>
      </trkpt>
      <trkpt lat="51.0467" lon="4.188729">
        <ele>0.5</ele>
      </trkpt>
      <trkpt lat="51.0467" lon="4.188729">
        <ele>0.5</ele>
      </trkpt>
      <trkpt lat="51.04714" lon="4.18904">
        <ele>0.4</ele>
      </trkpt>
      <trkpt lat="51.0473" lon="4.18918">
        <ele>0.2</ele>
      </trkpt>
      <trkpt lat="51.04739" lon="4.18928">
        <ele>0.1</ele>
      </trkpt>
      <trkpt lat="51.04753" lon="4.1895">
        <ele>0.0</ele>
      </trkpt>
      <trkpt lat="51.04788" lon="4.19022">
        <ele>0.3</ele>
      </trkpt>
      <trkpt lat="51.04824" lon="4.19094">
        <ele>0.4</ele>
      </trkpt>
      <trkpt lat="51.04877" lon="4.19191">
        <ele>0.6</ele>
      </trkpt>
      <trkpt lat="51.04929" lon="4.19287">
        <ele>1.6</ele>
      </trkpt>
      <trkpt lat="51.04941" lon="4.19312">
        <ele>1.8</ele>
      </trkpt>
      <trkpt lat="51.04971" lon="4.19381">
        <ele>1.4</ele>
      </trkpt>
      <trkpt lat="51.04983" lon="4.19404">
        <ele>1.3</ele>
      </trkpt>
      <trkpt lat="51.05014" lon="4.1946">
        <ele>1.3</ele>
      </trkpt>
      <trkpt lat="51.0505" lon="4.19514">
        <ele>0.9</ele>
      </trkpt>
      <trkpt lat="51.05086" lon="4.19567">
        <ele>0.8</ele>
      </trkpt>
      <trkpt lat="51.0511" lon="4.19598">
        <ele>1.2</ele>
      </trkpt>
      <trkpt lat="51.05125" lon="4.19614">
        <ele>1.6</ele>
      </trkpt>
      <trkpt lat="51.05164" lon="4.1964">
        <ele>2.3</ele>
      </trkpt>
      <trkpt lat="51.05182" lon="4.19659">
        <ele>2.6</ele>
      </trkpt>
      <trkpt lat="51.05216" lon="4.197">
        <ele>2.4</ele>
      </trkpt>
      <trkpt lat="51.05254" lon="4.19756">
        <ele>2.0</ele>
      </trkpt>
      <trkpt lat="51.05254" lon="4.19764">
        <ele>2.1</ele>
      </trkpt>
      <trkpt lat="51.05247" lon="4.19776">
        <ele>2.3</ele>
      </trkpt>
      <trkpt lat="51.052" lon="4.19832">
        <ele>3.0</ele>
      </trkpt>
      <trkpt lat="51.05206" lon="4.19836">
        <ele>3.0</ele>
      </trkpt>
      <trkpt lat="51.05214" lon="4.19843">
        <ele>2.9</ele>
      </trkpt>
      <trkpt lat="51.05264" lon="4.19903">
        <ele>3.0</ele>
      </trkpt>
      <trkpt lat="51.05314" lon="4.19964">
        <ele>2.4</ele>
      </trkpt>
      <trkpt lat="51.05365" lon="4.20025">
        <ele>1.2</ele>
      </trkpt>
      <trkpt lat="51.05381" lon="4.19995">
        <ele>0.3</ele>
      </trkpt>
      <trkpt lat="51.05385" lon="4.19991">
        <ele>0.2</ele>
      </trkpt>
      <trkpt lat="51.0539" lon="4.19991">
        <ele>0.1</ele>
      </trkpt>
      <trkpt lat="51.05397" lon="4.19996">
        <ele>-0.2</ele>
      </trkpt>
      <trkpt lat="51.05421" lon="4.20018">
        <ele>-0.3</ele>
      </trkpt>
      <trkpt lat="51.05483" lon="4.20076">
        <ele>2.6</ele>
      </trkpt>
      <trkpt lat="51.05488" lon="4.2008">
        <ele>2.8</ele>
      </trkpt>
      <trkpt lat="51.05492" lon="4.20081">
        <ele>2.8</ele>
      </trkpt>
      <trkpt lat="51.05499" lon="4.20082">
        <ele>3.0</ele>
      </trkpt>
      <trkpt lat="51.05509" lon="4.20081">
        <ele>2.9</ele>
      </trkpt>
      <trkpt lat="51.05513" lon="4.20082">
        <ele>3.0</ele>
      </trkpt>
      <trkpt lat="51.05533" lon="4.20096">
        <ele>3.3</ele>
      </trkpt>
      <trkpt lat="51.05547" lon="4.20105">
        <ele>3.5</ele>
      </trkpt>
      <trkpt lat="51.05554" lon="4.20107">
        <ele>3.6</ele>
      </trkpt>
      <trkpt lat="51.05584" lon="4.20077">
        <ele>2.8</ele>
      </trkpt>
      <trkpt lat="51.05586" lon="4.20077">
        <ele>2.8</ele>
      </trkpt>
      <trkpt lat="51.05598" lon="4.20111">
        <ele>3.7</ele>
      </trkpt>
      <trkpt lat="51.05596" lon="4.20121">
        <ele>4.0</ele>
      </trkpt>
      <trkpt lat="51.05601" lon="4.20141">
        <ele>4.5</ele>
      </trkpt>
      <trkpt lat="51.05607" lon="4.20157">
        <ele>5.0</ele>
      </trkpt>
      <trkpt lat="51.05574" lon="4.20187">
        <ele>5.2</ele>
      </trkpt>
      <trkpt lat="51.0555" lon="4.20212">
        <ele>5.3</ele>
      </trkpt>
      <trkpt lat="51.05513" lon="4.20255">
        <ele>5.2</ele>
      </trkpt>
      <trkpt lat="51.05474" lon="4.20294">
        <ele>5.2</ele>
      </trkpt>
      <trkpt lat="51.05467" lon="4.20298">
        <ele>5.1</ele>
      </trkpt>
      <trkpt lat="51.05447" lon="4.20303">
        <ele>4.8</ele>
      </trkpt>
      <trkpt lat="51.05424" lon="4.20306">
        <ele>4.4</ele>
      </trkpt>
      <trkpt lat="51.05425" lon="4.20317">
        <ele>4.4</ele>
      </trkpt>
      <trkpt lat="51.05429" lon="4.20335">
        <ele>4.3</ele>
      </trkpt>
      <trkpt lat="51.05429" lon="4.20335">
        <ele>4.3</ele>
      </trkpt>
      <trkpt lat="51.05441" lon="4.20399">
        <ele>5.1</ele>
      </trkpt>
      <trkpt lat="51.05445" lon="4.20395">
        <ele>5.2</ele>
      </trkpt>
      <trkpt lat="51.05481" lon="4.20486">
        <ele>6.0</ele>
      </trkpt>
      <trkpt lat="51.05485" lon="4.205">
        <ele>6.0</ele>
      </trkpt>
      <trkpt lat="51.05485" lon="4.20507">
        <ele>5.9</ele>
      </trkpt>
      <trkpt lat="51.05496" lon="4.20506">
        <ele>5.9</ele>
      </trkpt>
      <trkpt lat="51.05501" lon="4.20507">
        <ele>5.9</ele>
      </trkpt>
      <trkpt lat="51.05519" lon="4.20514">
        <ele>6.1</ele>
      </trkpt>
      <trkpt lat="51.05543" lon="4.20566">
        <ele>5.7</ele>
      </trkpt>
      <trkpt lat="51.05551" lon="4.20569">
        <ele>5.8</ele>
      </trkpt>
      <trkpt lat="51.05549" lon="4.20586">
        <ele>5.6</ele>
      </trkpt>
      <trkpt lat="51.05545" lon="4.20593">
        <ele>5.4</ele>
      </trkpt>
      <trkpt lat="51.05536" lon="4.20604">
        <ele>5.2</ele>
      </trkpt>
      <trkpt lat="51.05532" lon="4.20617">
        <ele>5.0</ele>
      </trkpt>
      <trkpt lat="51.0553" lon="4.20632">
        <ele>4.8</ele>
      </trkpt>
      <trkpt lat="51.05534" lon="4.20661">
        <ele>4.5</ele>
      </trkpt>
      <trkpt lat="51.05553" lon="4.20745">
        <ele>5.0</ele>
      </trkpt>
      <trkpt lat="51.05554" lon="4.20763">
        <ele>5.1</ele>
      </trkpt>
      <trkpt lat="51.05554" lon="4.20778">
        <ele>5.1</ele>
      </trkpt>
      <trkpt lat="51.05546" lon="4.20882">
        <ele>5.4</ele>
      </trkpt>
      <trkpt lat="51.05541" lon="4.20923">
        <ele>5.5</ele>
      </trkpt>
      <trkpt lat="51.05535" lon="4.20965">
        <ele>5.6</ele>
      </trkpt>
      <trkpt lat="51.05545" lon="4.20976">
        <ele>5.5</ele>
      </trkpt>
      <trkpt lat="51.05545" lon="4.20976">
        <ele>5.5</ele>
      </trkpt>
      <trkpt lat="51.05573" lon="4.21005">
        <ele>5.1</ele>
      </trkpt>
      <trkpt lat="51.05584" lon="4.21018">
        <ele>5.0</ele>
      </trkpt>
      <trkpt lat="51.05597" lon="4.21035">
        <ele>5.2</ele>
      </trkpt>
      <trkpt lat="51.055982" lon="4.210481">
        <ele>5.2</ele>
      </trkpt>
      <trkpt lat="51.056165" lon="4.210804">
        <ele>5.4</ele>
      </trkpt>
      <trkpt lat="51.05604" lon="4.211203">
        <ele>5.2</ele>
      </trkpt>
      <trkpt lat="51.056163" lon="4.21148">
        <ele>5.4</ele>
      </trkpt>
      <trkpt lat="51.056281" lon="4.211752">
        <ele>5.5</ele>
      </trkpt>
      <trkpt lat="51.056494" lon="4.211704">
        <ele>5.8</ele>
      </trkpt>
      <trkpt lat="51.056725" lon="4.211658">
        <ele>6.0</ele>
      </trkpt>
      <trkpt lat="51.05673" lon="4.21166">
        <ele>6.0</ele>
      </trkpt>
      <trkpt lat="51.05679" lon="4.21182">
        <ele>5.8</ele>
      </trkpt>
      <trkpt lat="51.05679" lon="4.21182">
        <ele>5.8</ele>
      </trkpt>
      <trkpt lat="51.05686" lon="4.21202">
        <ele>5.7</ele>
      </trkpt>
      <trkpt lat="51.05733" lon="4.21314">
        <ele>4.9</ele>
      </trkpt>
      <trkpt lat="51.05779" lon="4.21426">
        <ele>4.9</ele>
      </trkpt>
      <trkpt lat="51.05791" lon="4.21451">
        <ele>4.6</ele>
      </trkpt>
      <trkpt lat="51.05839" lon="4.21567">
        <ele>4.8</ele>
      </trkpt>
      <trkpt lat="51.05872" lon="4.2165">
        <ele>5.8</ele>
      </trkpt>
      <trkpt lat="51.05905" lon="4.21732">
        <ele>5.2</ele>
      </trkpt>
      <trkpt lat="51.05937" lon="4.21815">
        <ele>4.4</ele>
      </trkpt>
      <trkpt lat="51.0594" lon="4.21826">
        <ele>4.3</ele>
      </trkpt>
      <trkpt lat="51.05939" lon="4.2184">
        <ele>4.3</ele>
      </trkpt>
      <trkpt lat="51.05937" lon="4.2184">
        <ele>4.2</ele>
      </trkpt>
      <trkpt lat="51.05937" lon="4.2184">
        <ele>4.2</ele>
      </trkpt>
      <trkpt lat="51.05933" lon="4.2184">
        <ele>4.2</ele>
      </trkpt>
      <trkpt lat="51.0593" lon="4.21842">
        <ele>4.2</ele>
      </trkpt>
      <trkpt lat="51.0587" lon="4.21926">
        <ele>4.0</ele>
      </trkpt>
      <trkpt lat="51.0581" lon="4.2201">
        <ele>3.4</ele>
      </trkpt>
      <trkpt lat="51.05749" lon="4.22093">
        <ele>2.0</ele>
      </trkpt>
      <trkpt lat="51.05689" lon="4.22177">
        <ele>3.6</ele>
      </trkpt>
      <trkpt lat="51.05689" lon="4.22177">
        <ele>3.6</ele>
      </trkpt>
      <trkpt lat="51.0573" lon="4.22253">
        <ele>3.5</ele>
      </trkpt>
      <trkpt lat="51.0577" lon="4.22329">
        <ele>3.7</ele>
      </trkpt>
      <trkpt lat="51.0579" lon="4.22362">
        <ele>3.5</ele>
      </trkpt>
      <trkpt lat="51.05826" lon="4.22427">
        <ele>3.0</ele>
      </trkpt>
      <trkpt lat="51.05861" lon="4.22492">
        <ele>2.8</ele>
      </trkpt>
      <trkpt lat="51.05848" lon="4.2255">
        <ele>2.4</ele>
      </trkpt>
      <trkpt lat="51.05849" lon="4.22561">
        <ele>2.4</ele>
      </trkpt>
      <trkpt lat="51.05851" lon="4.2257">
        <ele>2.4</ele>
      </trkpt>
      <trkpt lat="51.05892" lon="4.22667">
        <ele>3.7</ele>
      </trkpt>
      <trkpt lat="51.05933" lon="4.22764">
        <ele>4.3</ele>
      </trkpt>
      <trkpt lat="51.05936" lon="4.22773">
        <ele>4.4</ele>
      </trkpt>
      <trkpt lat="51.05935" lon="4.22783">
        <ele>4.5</ele>
      </trkpt>
      <trkpt lat="51.05902" lon="4.22862">
        <ele>5.0</ele>
      </trkpt>
      <trkpt lat="51.05881" lon="4.22922">
        <ele>5.0</ele>
      </trkpt>
      <trkpt lat="51.05871" lon="4.22924">
        <ele>5.0</ele>
      </trkpt>
      <trkpt lat="51.05867" lon="4.23056">
        <ele>4.8</ele>
      </trkpt>
      <trkpt lat="51.05863" lon="4.23187">
        <ele>4.3</ele>
      </trkpt>
      <trkpt lat="51.05845" lon="4.23278">
        <ele>4.2</ele>
      </trkpt>
      <trkpt lat="51.05845" lon="4.23278">
        <ele>4.2</ele>
      </trkpt>
      <trkpt lat="51.05857" lon="4.23217">
        <ele>4.1</ele>
      </trkpt>
      <trkpt lat="51.05857" lon="4.23217">
        <ele>4.1</ele>
      </trkpt>
      <trkpt lat="51.05846" lon="4.23271">
        <ele>4.2</ele>
      </trkpt>
      <trkpt lat="51.05837" lon="4.23322">
        <ele>4.8</ele>
      </trkpt>
      <trkpt lat="51.0583" lon="4.23425">
        <ele>4.9</ele>
      </trkpt>
      <trkpt lat="51.05822" lon="4.23529">
        <ele>4.1</ele>
      </trkpt>
      <trkpt lat="51.05822" lon="4.23555">
        <ele>4.1</ele>
      </trkpt>
      <trkpt lat="51.05833" lon="4.2362">
        <ele>4.0</ele>
      </trkpt>
      <trkpt lat="51.05838" lon="4.23656">
        <ele>3.9</ele>
      </trkpt>
      <trkpt lat="51.05843" lon="4.23715">
        <ele>3.9</ele>
      </trkpt>
      <trkpt lat="51.05845" lon="4.23735">
        <ele>3.9</ele>
      </trkpt>
      <trkpt lat="51.05848" lon="4.23747">
        <ele>3.8</ele>
      </trkpt>
      <trkpt lat="51.05852" lon="4.23757">
        <ele>3.9</ele>
      </trkpt>
      <trkpt lat="51.05853" lon="4.23771">
        <ele>4.0</ele>
      </trkpt>
      <trkpt lat="51.05863" lon="4.23833">
        <ele>4.6</ele>
      </trkpt>
      <trkpt lat="51.0587" lon="4.23857">
        <ele>4.6</ele>
      </trkpt>
      <trkpt lat="51.05896" lon="4.23938">
        <ele>4.2</ele>
      </trkpt>
      <trkpt lat="51.05904" lon="4.23968">
        <ele>4.2</ele>
      </trkpt>
      <trkpt lat="51.05909" lon="4.23993">
        <ele>4.1</ele>
      </trkpt>
      <trkpt lat="51.05909" lon="4.24002">
        <ele>4.1</ele>
      </trkpt>
      <trkpt lat="51.05908" lon="4.2401">
        <ele>4.1</ele>
      </trkpt>
      <trkpt lat="51.05902" lon="4.24024">
        <ele>4.2</ele>
      </trkpt>
      <trkpt lat="51.0587" lon="4.24076">
        <ele>4.6</ele>
      </trkpt>
      <trkpt lat="51.05831" lon="4.24136">
        <ele>4.4</ele>
      </trkpt>
      <trkpt lat="51.0581" lon="4.24176">
        <ele>4.2</ele>
      </trkpt>
      <trkpt lat="51.058" lon="4.24206">
        <ele>3.9</ele>
      </trkpt>
      <trkpt lat="51.05796" lon="4.24221">
        <ele>3.8</ele>
      </trkpt>
      <trkpt lat="51.05784" lon="4.2428">
        <ele>3.2</ele>
      </trkpt>
      <trkpt lat="51.0578" lon="4.24303">
        <ele>3.0</ele>
      </trkpt>
      <trkpt lat="51.05778" lon="4.2433">
        <ele>2.7</ele>
      </trkpt>
      <trkpt lat="51.05779" lon="4.24346">
        <ele>2.7</ele>
      </trkpt>
      <trkpt lat="51.05784" lon="4.24367">
        <ele>2.8</ele>
      </trkpt>
      <trkpt lat="51.05801" lon="4.24419">
        <ele>3.0</ele>
      </trkpt>
      <trkpt lat="51.05809" lon="4.24452">
        <ele>3.7</ele>
      </trkpt>
      <trkpt lat="51.05812" lon="4.24475">
        <ele>4.2</ele>
      </trkpt>
      <trkpt lat="51.05817" lon="4.24589">
        <ele>4.7</ele>
      </trkpt>
      <trkpt lat="51.05824" lon="4.24648">
        <ele>4.1</ele>
      </trkpt>
      <trkpt lat="51.05825" lon="4.24659">
        <ele>4.0</ele>
      </trkpt>
      <trkpt lat="51.05825" lon="4.24667">
        <ele>3.9</ele>
      </trkpt>
      <trkpt lat="51.05824" lon="4.24675">
        <ele>3.9</ele>
      </trkpt>
      <trkpt lat="51.05824" lon="4.24711">
        <ele>3.9</ele>
      </trkpt>
      <trkpt lat="51.05824" lon="4.24711">
        <ele>3.9</ele>
      </trkpt>
      <trkpt lat="51.05824" lon="4.24711">
        <ele>3.9</ele>
      </trkpt>
      <trkpt lat="51.05823" lon="4.24808">
        <ele>3.3</ele>
      </trkpt>
      <trkpt lat="51.05823" lon="4.24905">
        <ele>3.0</ele>
      </trkpt>
      <trkpt lat="51.05825" lon="4.24939">
        <ele>2.8</ele>
      </trkpt>
      <trkpt lat="51.0583" lon="4.24981">
        <ele>2.3</ele>
      </trkpt>
      <trkpt lat="51.05832" lon="4.24994">
        <ele>2.1</ele>
      </trkpt>
      <trkpt lat="51.05817" lon="4.25036">
        <ele>2.5</ele>
      </trkpt>
      <trkpt lat="51.05814" lon="4.25054">
        <ele>2.7</ele>
      </trkpt>
      <trkpt lat="51.05814" lon="4.25064">
        <ele>2.8</ele>
      </trkpt>
      <trkpt lat="51.05816" lon="4.25075">
        <ele>2.9</ele>
      </trkpt>
      <trkpt lat="51.05845" lon="4.25181">
        <ele>3.9</ele>
      </trkpt>
      <trkpt lat="51.05874" lon="4.25287">
        <ele>4.0</ele>
      </trkpt>
      <trkpt lat="51.05896" lon="4.25377">
        <ele>3.7</ele>
      </trkpt>
      <trkpt lat="51.05918" lon="4.25467">
        <ele>1.2</ele>
      </trkpt>
      <trkpt lat="51.05927" lon="4.25495">
        <ele>0.5</ele>
      </trkpt>
      <trkpt lat="51.05937" lon="4.25524">
        <ele>1.0</ele>
      </trkpt>
      <trkpt lat="51.05959" lon="4.25573">
        <ele>1.4</ele>
      </trkpt>
      <trkpt lat="51.05962" lon="4.25586">
        <ele>1.6</ele>
      </trkpt>
      <trkpt lat="51.05964" lon="4.25596">
        <ele>1.7</ele>
      </trkpt>
      <trkpt lat="51.05964" lon="4.25613">
        <ele>1.8</ele>
      </trkpt>
      <trkpt lat="51.05963" lon="4.25632">
        <ele>2.0</ele>
      </trkpt>
      <trkpt lat="51.05962" lon="4.25642">
        <ele>2.0</ele>
      </trkpt>
      <trkpt lat="51.05959" lon="4.25651">
        <ele>2.0</ele>
      </trkpt>
      <trkpt lat="51.05947" lon="4.25681">
        <ele>2.1</ele>
      </trkpt>
      <trkpt lat="51.05951" lon="4.25695">
        <ele>2.2</ele>
      </trkpt>
      <trkpt lat="51.05993" lon="4.25802">
        <ele>2.7</ele>
      </trkpt>
      <trkpt lat="51.06036" lon="4.25908">
        <ele>3.0</ele>
      </trkpt>
      <trkpt lat="51.06079" lon="4.26015">
        <ele>4.0</ele>
      </trkpt>
      <trkpt lat="51.06122" lon="4.26121">
        <ele>3.5</ele>
      </trkpt>
      <trkpt lat="51.06164" lon="4.26228">
        <ele>4.0</ele>
      </trkpt>
      <trkpt lat="51.06207" lon="4.26335">
        <ele>4.0</ele>
      </trkpt>
      <trkpt lat="51.06212" lon="4.26343">
        <ele>4.0</ele>
      </trkpt>
      <trkpt lat="51.06243" lon="4.26376">
        <ele>4.0</ele>
      </trkpt>
      <trkpt lat="51.06257" lon="4.26394">
        <ele>4.0</ele>
      </trkpt>
      <trkpt lat="51.06269" lon="4.26412">
        <ele>4.0</ele>
      </trkpt>
      <trkpt lat="51.06298" lon="4.26465">
        <ele>4.3</ele>
      </trkpt>
      <trkpt lat="51.06298" lon="4.26465">
        <ele>4.3</ele>
      </trkpt>
      <trkpt lat="51.06313" lon="4.26492">
        <ele>4.7</ele>
      </trkpt>
      <trkpt lat="51.0633" lon="4.26535">
        <ele>5.0</ele>
      </trkpt>
      <trkpt lat="51.06345" lon="4.26583">
        <ele>4.9</ele>
      </trkpt>
      <trkpt lat="51.06366" lon="4.2666">
        <ele>5.0</ele>
      </trkpt>
      <trkpt lat="51.06386" lon="4.26738">
        <ele>4.7</ele>
      </trkpt>
      <trkpt lat="51.06421" lon="4.26838">
        <ele>4.0</ele>
      </trkpt>
      <trkpt lat="51.06455" lon="4.26939">
        <ele>3.9</ele>
      </trkpt>
      <trkpt lat="51.06494" lon="4.27056">
        <ele>3.1</ele>
      </trkpt>
      <trkpt lat="51.06512" lon="4.27107">
        <ele>3.2</ele>
      </trkpt>
      <trkpt lat="51.06547" lon="4.2718">
        <ele>3.6</ele>
      </trkpt>
      <trkpt lat="51.06589" lon="4.27274">
        <ele>3.9</ele>
      </trkpt>
      <trkpt lat="51.06602" lon="4.27316">
        <ele>3.8</ele>
      </trkpt>
      <trkpt lat="51.06616" lon="4.27394">
        <ele>3.6</ele>
      </trkpt>
      <trkpt lat="51.06631" lon="4.27472">
        <ele>3.4</ele>
      </trkpt>
      <trkpt lat="51.06658" lon="4.27535">
        <ele>3.1</ele>
      </trkpt>
      <trkpt lat="51.06676" lon="4.27567">
        <ele>2.9</ele>
      </trkpt>
      <trkpt lat="51.06725" lon="4.27633">
        <ele>2.7</ele>
      </trkpt>
      <trkpt lat="51.0675" lon="4.27671">
        <ele>3.0</ele>
      </trkpt>
      <trkpt lat="51.0675" lon="4.27671">
        <ele>3.0</ele>
      </trkpt>
      <trkpt lat="51.06752" lon="4.27674">
        <ele>3.0</ele>
      </trkpt>
      <trkpt lat="51.06812" lon="4.27612">
        <ele>2.8</ele>
      </trkpt>
      <trkpt lat="51.06871" lon="4.27543">
        <ele>3.0</ele>
      </trkpt>
      <trkpt lat="51.06886" lon="4.27629">
        <ele>3.0</ele>
      </trkpt>
      <trkpt lat="51.0689" lon="4.27648">
        <ele>3.0</ele>
      </trkpt>
      <trkpt lat="51.06893" lon="4.27655">
        <ele>3.0</ele>
      </trkpt>
      <trkpt lat="51.069" lon="4.27669">
        <ele>3.0</ele>
      </trkpt>
      <trkpt lat="51.06909" lon="4.27688">
        <ele>3.0</ele>
      </trkpt>
      <trkpt lat="51.0691" lon="4.27693">
        <ele>3.0</ele>
      </trkpt>
      <trkpt lat="51.0691" lon="4.27693">
        <ele>3.0</ele>
      </trkpt>
      <trkpt lat="51.06927" lon="4.27755">
        <ele>2.9</ele>
      </trkpt>
      <trkpt lat="51.06932" lon="4.27776">
        <ele>2.9</ele>
      </trkpt>
      <trkpt lat="51.06933" lon="4.2779">
        <ele>2.9</ele>
      </trkpt>
      <trkpt lat="51.06932" lon="4.27807">
        <ele>2.9</ele>
      </trkpt>
      <trkpt lat="51.06924" lon="4.27899">
        <ele>3.0</ele>
      </trkpt>
      <trkpt lat="51.06924" lon="4.27908">
        <ele>3.0</ele>
      </trkpt>
      <trkpt lat="51.06925" lon="4.27915">
        <ele>3.0</ele>
      </trkpt>
      <trkpt lat="51.06919" lon="4.27916">
        <ele>3.0</ele>
      </trkpt>
      <trkpt lat="51.06931" lon="4.28012">
        <ele>3.0</ele>
      </trkpt>
      <trkpt lat="51.06935" lon="4.2805">
        <ele>3.0</ele>
      </trkpt>
      <trkpt lat="51.06954" lon="4.28148">
        <ele>2.6</ele>
      </trkpt>
      <trkpt lat="51.06961" lon="4.28189">
        <ele>2.5</ele>
      </trkpt>
      <trkpt lat="51.06963" lon="4.28198">
        <ele>2.6</ele>
      </trkpt>
      <trkpt lat="51.06968" lon="4.28206">
        <ele>2.6</ele>
      </trkpt>
      <trkpt lat="51.0704" lon="4.28259">
        <ele>3.1</ele>
      </trkpt>
      <trkpt lat="51.07051" lon="4.28262">
        <ele>3.1</ele>
      </trkpt>
      <trkpt lat="51.07059" lon="4.28261">
        <ele>3.1</ele>
      </trkpt>
      <trkpt lat="51.07062" lon="4.28247">
        <ele>3.0</ele>
      </trkpt>
      <trkpt lat="51.07114" lon="4.28144">
        <ele>2.8</ele>
      </trkpt>
      <trkpt lat="51.07127" lon="4.28112">
        <ele>2.7</ele>
      </trkpt>
      <trkpt lat="51.07132" lon="4.28095">
        <ele>2.6</ele>
      </trkpt>
      <trkpt lat="51.07134" lon="4.28077">
        <ele>2.6</ele>
      </trkpt>
      <trkpt lat="51.0718" lon="4.28069">
        <ele>3.2</ele>
      </trkpt>
      <trkpt lat="51.07226" lon="4.28062">
        <ele>3.7</ele>
      </trkpt>
      <trkpt lat="51.07248" lon="4.28058">
        <ele>4.0</ele>
      </trkpt>
      <trkpt lat="51.07311" lon="4.28036">
        <ele>4.7</ele>
      </trkpt>
      <trkpt lat="51.07315" lon="4.28092">
        <ele>4.8</ele>
      </trkpt>
      <trkpt lat="51.07321" lon="4.28213">
        <ele>4.9</ele>
      </trkpt>
      <trkpt lat="51.07381" lon="4.28201">
        <ele>5.9</ele>
      </trkpt>
      <trkpt lat="51.07381" lon="4.28201">
        <ele>5.9</ele>
      </trkpt>
      <trkpt lat="51.07466" lon="4.28184">
        <ele>6.3</ele>
      </trkpt>
      <trkpt lat="51.07462" lon="4.28139">
        <ele>6.3</ele>
      </trkpt>
      <trkpt lat="51.07485" lon="4.28138">
        <ele>5.9</ele>
      </trkpt>
      <trkpt lat="51.07508" lon="4.28112">
        <ele>5.4</ele>
      </trkpt>
      <trkpt lat="51.07513" lon="4.28103">
        <ele>5.4</ele>
      </trkpt>
      <trkpt lat="51.07518" lon="4.28102">
        <ele>5.4</ele>
      </trkpt>
      <trkpt lat="51.07529" lon="4.28085">
        <ele>5.4</ele>
      </trkpt>
      <trkpt lat="51.07532" lon="4.28071">
        <ele>5.4</ele>
      </trkpt>
      <trkpt lat="51.07531" lon="4.28053">
        <ele>5.4</ele>
      </trkpt>
      <trkpt lat="51.07531" lon="4.28053">
        <ele>5.4</ele>
      </trkpt>
      <trkpt lat="51.07529" lon="4.28033">
        <ele>5.3</ele>
      </trkpt>
      <trkpt lat="51.07537" lon="4.28026">
        <ele>5.4</ele>
      </trkpt>
      <trkpt lat="51.07543" lon="4.28016">
        <ele>5.5</ele>
      </trkpt>
      <trkpt lat="51.07545" lon="4.27958">
        <ele>5.5</ele>
      </trkpt>
      <trkpt lat="51.07577" lon="4.27962">
        <ele>5.5</ele>
      </trkpt>
      <trkpt lat="51.07592" lon="4.27957">
        <ele>5.6</ele>
      </trkpt>
      <trkpt lat="51.076" lon="4.27952">
        <ele>5.7</ele>
      </trkpt>
      <trkpt lat="51.076" lon="4.27952">
        <ele>5.7</ele>
      </trkpt>
      <trkpt lat="51.07606" lon="4.27949">
        <ele>5.7</ele>
      </trkpt>
      <trkpt lat="51.07605" lon="4.27932">
        <ele>5.6</ele>
      </trkpt>
      <trkpt lat="51.07602" lon="4.2791">
        <ele>5.4</ele>
      </trkpt>
      <trkpt lat="51.07602" lon="4.2791">
        <ele>5.4</ele>
      </trkpt>
      <trkpt lat="51.07602" lon="4.27907">
        <ele>5.4</ele>
      </trkpt>
      <trkpt lat="51.07611" lon="4.27898">
        <ele>5.7</ele>
      </trkpt>
      <trkpt lat="51.07618" lon="4.27889">
        <ele>5.8</ele>
      </trkpt>
      <trkpt lat="51.0762" lon="4.27875">
        <ele>5.9</ele>
      </trkpt>
      <trkpt lat="51.07627" lon="4.27783">
        <ele>6.3</ele>
      </trkpt>
      <trkpt lat="51.07634" lon="4.2769">
        <ele>6.6</ele>
      </trkpt>
      <trkpt lat="51.0763" lon="4.27657">
        <ele>6.4</ele>
      </trkpt>
      <trkpt lat="51.07624" lon="4.2764">
        <ele>6.0</ele>
      </trkpt>
      <trkpt lat="51.07606" lon="4.27593">
        <ele>5.1</ele>
      </trkpt>
      <trkpt lat="51.07538" lon="4.27644">
        <ele>4.9</ele>
      </trkpt>
      <trkpt lat="51.07542" lon="4.27657">
        <ele>5.0</ele>
      </trkpt>
      <trkpt lat="51.07512" lon="4.27678">
        <ele>4.4</ele>
      </trkpt>
      <trkpt lat="51.0751" lon="4.27667">
        <ele>4.2</ele>
      </trkpt>
      <trkpt lat="51.07506" lon="4.27649">
        <ele>4.3</ele>
      </trkpt>
      <trkpt lat="51.07506" lon="4.27649">
        <ele>4.3</ele>
      </trkpt>
      <trkpt lat="51.07503" lon="4.27644">
        <ele>4.3</ele>
      </trkpt>
      <trkpt lat="51.07496" lon="4.27633">
        <ele>4.4</ele>
      </trkpt>
      <trkpt lat="51.07496" lon="4.27633">
        <ele>4.4</ele>
      </trkpt>
      <trkpt lat="51.07496" lon="4.27633">
        <ele>4.4</ele>
      </trkpt>
      <trkpt lat="51.07494" lon="4.27618">
        <ele>4.6</ele>
      </trkpt>
      <trkpt lat="51.07495" lon="4.27603">
        <ele>4.8</ele>
      </trkpt>
      <trkpt lat="51.07479" lon="4.27539">
        <ele>5.0</ele>
      </trkpt>
      <trkpt lat="51.07479" lon="4.27531">
        <ele>5.0</ele>
      </trkpt>
      <trkpt lat="51.074786" lon="4.275315">
        <ele>5.0</ele>
      </trkpt>
      <trkpt lat="51.07443" lon="4.275481">
        <ele>5.0</ele>
      </trkpt>
      <trkpt lat="51.07427" lon="4.275242">
        <ele>5.0</ele>
      </trkpt>
      <trkpt lat="51.074397" lon="4.275157">
        <ele>5.0</ele>
      </trkpt>
      <trkpt lat="51.074514" lon="4.275081">
        <ele>5.0</ele>
      </trkpt>
      <trkpt lat="51.074514" lon="4.275081">
        <ele>5.0</ele>
      </trkpt>
      <trkpt lat="51.07562" lon="4.27424">
        <ele>4.3</ele>
      </trkpt>
      <trkpt lat="51.07562" lon="4.27424">
        <ele>4.3</ele>
      </trkpt>
      <trkpt lat="51.07535" lon="4.27336">
        <ele>4.6</ele>
      </trkpt>
      <trkpt lat="51.07535" lon="4.27336">
        <ele>4.6</ele>
      </trkpt>
      <trkpt lat="51.07532" lon="4.27327">
        <ele>4.5</ele>
      </trkpt>
      <trkpt lat="51.07589" lon="4.27302">
        <ele>3.6</ele>
      </trkpt>
      <trkpt lat="51.07645" lon="4.27276">
        <ele>3.3</ele>
      </trkpt>
      <trkpt lat="51.07706" lon="4.27258">
        <ele>2.6</ele>
      </trkpt>
      <trkpt lat="51.07715" lon="4.27256">
        <ele>2.5</ele>
      </trkpt>
      <trkpt lat="51.07714" lon="4.27251">
        <ele>2.4</ele>
      </trkpt>
      <trkpt lat="51.07714" lon="4.27251">
        <ele>2.4</ele>
      </trkpt>
      <trkpt lat="51.07683" lon="4.27121">
        <ele>2.4</ele>
      </trkpt>
      <trkpt lat="51.07676" lon="4.27093">
        <ele>2.5</ele>
      </trkpt>
      <trkpt lat="51.07673" lon="4.27076">
        <ele>2.6</ele>
      </trkpt>
      <trkpt lat="51.07672" lon="4.27072">
        <ele>2.6</ele>
      </trkpt>
      <trkpt lat="51.07676" lon="4.27068">
        <ele>2.6</ele>
      </trkpt>
      <trkpt lat="51.07676" lon="4.27068">
        <ele>2.9</ele>
      </trkpt>
      <trkpt lat="51.07686" lon="4.27053">
        <ele>2.8</ele>
      </trkpt>
      <trkpt lat="51.07689" lon="4.27044">
        <ele>2.7</ele>
      </trkpt>
      <trkpt lat="51.07708" lon="4.2701">
        <ele>2.5</ele>
      </trkpt>
      <trkpt lat="51.07703" lon="4.26989">
        <ele>2.4</ele>
      </trkpt>
      <trkpt lat="51.07704" lon="4.26978">
        <ele>2.3</ele>
      </trkpt>
      <trkpt lat="51.07704" lon="4.26978">
        <ele>2.3</ele>
      </trkpt>
      <trkpt lat="51.07711" lon="4.26942">
        <ele>1.8</ele>
      </trkpt>
      <trkpt lat="51.07707" lon="4.26834">
        <ele>0.5</ele>
      </trkpt>
      <trkpt lat="51.077041" lon="4.26834">
        <ele>0.6</ele>
      </trkpt>
      <trkpt lat="51.077041" lon="4.26834">
        <ele>0.6</ele>
      </trkpt>
      <trkpt lat="51.078229" lon="4.268661">
        <ele>0.9</ele>
      </trkpt>
      <trkpt lat="51.078229" lon="4.268661">
        <ele>0.9</ele>
      </trkpt>
      <trkpt lat="51.07842" lon="4.26662">
        <ele>1.1</ele>
      </trkpt>
      <trkpt lat="51.07842" lon="4.26662">
        <ele>1.1</ele>
      </trkpt>
      <trkpt lat="51.07791" lon="4.26652">
        <ele>1.5</ele>
      </trkpt>
      <trkpt lat="51.07773" lon="4.26651">
        <ele>1.6</ele>
      </trkpt>
      <trkpt lat="51.07769" lon="4.2665">
        <ele>1.7</ele>
      </trkpt>
      <trkpt lat="51.07764" lon="4.26644">
        <ele>1.7</ele>
      </trkpt>
      <trkpt lat="51.07754" lon="4.2665">
        <ele>1.8</ele>
      </trkpt>
      <trkpt lat="51.07739" lon="4.26655">
        <ele>1.9</ele>
      </trkpt>
      <trkpt lat="51.07711" lon="4.26645">
        <ele>1.9</ele>
      </trkpt>
      <trkpt lat="51.07622" lon="4.26644">
        <ele>2.4</ele>
      </trkpt>
      <trkpt lat="51.07613" lon="4.2664">
        <ele>2.4</ele>
      </trkpt>
      <trkpt lat="51.07608" lon="4.26634">
        <ele>2.4</ele>
      </trkpt>
      <trkpt lat="51.07604" lon="4.26623">
        <ele>2.4</ele>
      </trkpt>
      <trkpt lat="51.07602" lon="4.26601">
        <ele>2.2</ele>
      </trkpt>
      <trkpt lat="51.07595" lon="4.26587">
        <ele>2.0</ele>
      </trkpt>
      <trkpt lat="51.07587" lon="4.26581">
        <ele>2.0</ele>
      </trkpt>
      <trkpt lat="51.07583" lon="4.26581">
        <ele>2.0</ele>
      </trkpt>
      <trkpt lat="51.07565" lon="4.26587">
        <ele>2.2</ele>
      </trkpt>
      <trkpt lat="51.07537" lon="4.26465">
        <ele>3.1</ele>
      </trkpt>
      <trkpt lat="51.0751" lon="4.26343">
        <ele>3.0</ele>
      </trkpt>
      <trkpt lat="51.07482" lon="4.26221">
        <ele>2.4</ele>
      </trkpt>
      <trkpt lat="51.07482" lon="4.26221">
        <ele>2.4</ele>
      </trkpt>
      <trkpt lat="51.07482" lon="4.26221">
        <ele>2.4</ele>
      </trkpt>
      <trkpt lat="51.07457" lon="4.26107">
        <ele>1.8</ele>
      </trkpt>
      <trkpt lat="51.07431" lon="4.25994">
        <ele>1.8</ele>
      </trkpt>
      <trkpt lat="51.07405" lon="4.25881">
        <ele>2.0</ele>
      </trkpt>
      <trkpt lat="51.07403" lon="4.25877">
        <ele>2.0</ele>
      </trkpt>
      <trkpt lat="51.07401" lon="4.25869">
        <ele>2.0</ele>
      </trkpt>
      <trkpt lat="51.074" lon="4.25862">
        <ele>2.0</ele>
      </trkpt>
      <trkpt lat="51.074" lon="4.25858">
        <ele>2.0</ele>
      </trkpt>
      <trkpt lat="51.07392" lon="4.25817">
        <ele>2.1</ele>
      </trkpt>
      <trkpt lat="51.07372" lon="4.25727">
        <ele>2.5</ele>
      </trkpt>
      <trkpt lat="51.07352" lon="4.25637">
        <ele>3.1</ele>
      </trkpt>
      <trkpt lat="51.07333" lon="4.25559">
        <ele>4.0</ele>
      </trkpt>
      <trkpt lat="51.07315" lon="4.25481">
        <ele>3.7</ele>
      </trkpt>
      <trkpt lat="51.07288" lon="4.25358">
        <ele>3.2</ele>
      </trkpt>
      <trkpt lat="51.0726" lon="4.25235">
        <ele>3.9</ele>
      </trkpt>
      <trkpt lat="51.07232" lon="4.25112">
        <ele>4.0</ele>
      </trkpt>
      <trkpt lat="51.07217" lon="4.25045">
        <ele>4.0</ele>
      </trkpt>
      <trkpt lat="51.07201" lon="4.24978">
        <ele>3.9</ele>
      </trkpt>
      <trkpt lat="51.07168" lon="4.24863">
        <ele>4.0</ele>
      </trkpt>
      <trkpt lat="51.07124" lon="4.24746">
        <ele>3.0</ele>
      </trkpt>
      <trkpt lat="51.07124" lon="4.24746">
        <ele>3.0</ele>
      </trkpt>
      <trkpt lat="51.07119" lon="4.24732">
        <ele>2.9</ele>
      </trkpt>
      <trkpt lat="51.07118" lon="4.24726">
        <ele>2.9</ele>
      </trkpt>
      <trkpt lat="51.07118" lon="4.24718">
        <ele>2.8</ele>
      </trkpt>
      <trkpt lat="51.07125" lon="4.24707">
        <ele>2.7</ele>
      </trkpt>
      <trkpt lat="51.07142" lon="4.24684">
        <ele>2.4</ele>
      </trkpt>
      <trkpt lat="51.07143" lon="4.24679">
        <ele>2.4</ele>
      </trkpt>
      <trkpt lat="51.07112" lon="4.24588">
        <ele>3.6</ele>
      </trkpt>
      <trkpt lat="51.07102" lon="4.2456">
        <ele>3.8</ele>
      </trkpt>
      <trkpt lat="51.07091" lon="4.24534">
        <ele>3.9</ele>
      </trkpt>
      <trkpt lat="51.07067" lon="4.24475">
        <ele>3.8</ele>
      </trkpt>
      <trkpt lat="51.07053" lon="4.24487">
        <ele>3.9</ele>
      </trkpt>
      <trkpt lat="51.07029" lon="4.24506">
        <ele>4.0</ele>
      </trkpt>
      <trkpt lat="51.06998" lon="4.24431">
        <ele>4.0</ele>
      </trkpt>
      <trkpt lat="51.06998" lon="4.24431">
        <ele>4.0</ele>
      </trkpt>
      <trkpt lat="51.06997" lon="4.24428">
        <ele>4.0</ele>
      </trkpt>
      <trkpt lat="51.06989" lon="4.24486">
        <ele>3.9</ele>
      </trkpt>
      <trkpt lat="51.06979" lon="4.24466">
        <ele>3.9</ele>
      </trkpt>
      <trkpt lat="51.06979" lon="4.24466">
        <ele>3.9</ele>
      </trkpt>
      <trkpt lat="51.06943" lon="4.2439">
        <ele>4.2</ele>
      </trkpt>
      <trkpt lat="51.0692" lon="4.24323">
        <ele>4.8</ele>
      </trkpt>
      <trkpt lat="51.06896" lon="4.24341">
        <ele>4.9</ele>
      </trkpt>
      <trkpt lat="51.06883" lon="4.24355">
        <ele>4.8</ele>
      </trkpt>
      <trkpt lat="51.06882" lon="4.24355">
        <ele>4.8</ele>
      </trkpt>
      <trkpt lat="51.068676" lon="4.243989">
        <ele>4.7</ele>
      </trkpt>
      <trkpt lat="51.068231" lon="4.2438">
        <ele>5.0</ele>
      </trkpt>
      <trkpt lat="51.06823" lon="4.2438">
        <ele>5.0</ele>
      </trkpt>
      <trkpt lat="51.06819" lon="4.24378">
        <ele>5.0</ele>
      </trkpt>
      <trkpt lat="51.06805" lon="4.24395">
        <ele>5.0</ele>
      </trkpt>
      <trkpt lat="51.06805" lon="4.24395">
        <ele>5.0</ele>
      </trkpt>
      <trkpt lat="51.0678" lon="4.24389">
        <ele>5.0</ele>
      </trkpt>
      <trkpt lat="51.067378" lon="4.243785">
        <ele>5.1</ele>
      </trkpt>
      <trkpt lat="51.067405" lon="4.243567">
        <ele>5.1</ele>
      </trkpt>
      <trkpt lat="51.06772" lon="4.24366">
        <ele>5.0</ele>
      </trkpt>
      <trkpt lat="51.068238" lon="4.243688">
        <ele>5.0</ele>
      </trkpt>
      <trkpt lat="51.06825" lon="4.24369">
        <ele>5.0</ele>
      </trkpt>
      <trkpt lat="51.06833" lon="4.24342">
        <ele>5.0</ele>
      </trkpt>
      <trkpt lat="51.06833" lon="4.24342">
        <ele>5.0</ele>
      </trkpt>
      <trkpt lat="51.06834" lon="4.24339">
        <ele>5.0</ele>
      </trkpt>
      <trkpt lat="51.0684" lon="4.24336">
        <ele>5.0</ele>
      </trkpt>
      <trkpt lat="51.06841" lon="4.24334">
        <ele>5.0</ele>
      </trkpt>
      <trkpt lat="51.06845" lon="4.24331">
        <ele>5.0</ele>
      </trkpt>
      <trkpt lat="51.06845" lon="4.24331">
        <ele>5.0</ele>
      </trkpt>
      <trkpt lat="51.06891" lon="4.2429">
        <ele>4.5</ele>
      </trkpt>
      <trkpt lat="51.06901" lon="4.24284">
        <ele>4.4</ele>
      </trkpt>
      <trkpt lat="51.06907" lon="4.24284">
        <ele>4.4</ele>
      </trkpt>
      <trkpt lat="51.06919" lon="4.24271">
        <ele>4.2</ele>
      </trkpt>
      <trkpt lat="51.06919" lon="4.24271">
        <ele>4.2</ele>
      </trkpt>
      <trkpt lat="51.06919" lon="4.24271">
        <ele>4.2</ele>
      </trkpt>
      <trkpt lat="51.0692" lon="4.2427">
        <ele>4.2</ele>
      </trkpt>
      <trkpt lat="51.06886" lon="4.24184">
        <ele>3.5</ele>
      </trkpt>
      <trkpt lat="51.06895" lon="4.24176">
        <ele>3.3</ele>
      </trkpt>
      <trkpt lat="51.06951" lon="4.24163">
        <ele>3.4</ele>
      </trkpt>
      <trkpt lat="51.06968" lon="4.24215">
        <ele>3.8</ele>
      </trkpt>
      <trkpt lat="51.06973" lon="4.24203">
        <ele>3.8</ele>
      </trkpt>
      <trkpt lat="51.06983" lon="4.24192">
        <ele>3.9</ele>
      </trkpt>
      <trkpt lat="51.07005" lon="4.24164">
        <ele>4.1</ele>
      </trkpt>
      <trkpt lat="51.07016" lon="4.24142">
        <ele>4.2</ele>
      </trkpt>
      <trkpt lat="51.07024" lon="4.2412">
        <ele>4.3</ele>
      </trkpt>
      <trkpt lat="51.07031" lon="4.24074">
        <ele>4.4</ele>
      </trkpt>
      <trkpt lat="51.07039" lon="4.23972">
        <ele>4.1</ele>
      </trkpt>
      <trkpt lat="51.07039" lon="4.23943">
        <ele>3.8</ele>
      </trkpt>
      <trkpt lat="51.07025" lon="4.23854">
        <ele>3.1</ele>
      </trkpt>
      <trkpt lat="51.07012" lon="4.23766">
        <ele>3.0</ele>
      </trkpt>
      <trkpt lat="51.06994" lon="4.23654">
        <ele>2.9</ele>
      </trkpt>
      <trkpt lat="51.06971" lon="4.23556">
        <ele>2.3</ele>
      </trkpt>
      <trkpt lat="51.0695" lon="4.23496">
        <ele>2.6</ele>
      </trkpt>
      <trkpt lat="51.06939" lon="4.23471">
        <ele>2.6</ele>
      </trkpt>
      <trkpt lat="51.06967" lon="4.23369">
        <ele>2.6</ele>
      </trkpt>
      <trkpt lat="51.06995" lon="4.23267">
        <ele>2.2</ele>
      </trkpt>
      <trkpt lat="51.07" lon="4.23262">
        <ele>2.1</ele>
      </trkpt>
      <trkpt lat="51.07035" lon="4.23279">
        <ele>1.6</ele>
      </trkpt>
      <trkpt lat="51.07039" lon="4.23278">
        <ele>1.6</ele>
      </trkpt>
      <trkpt lat="51.07045" lon="4.23272">
        <ele>1.4</ele>
      </trkpt>
      <trkpt lat="51.07064" lon="4.23198">
        <ele>1.7</ele>
      </trkpt>
      <trkpt lat="51.07084" lon="4.23125">
        <ele>2.5</ele>
      </trkpt>
      <trkpt lat="51.07117" lon="4.23074">
        <ele>2.6</ele>
      </trkpt>
      <trkpt lat="51.07151" lon="4.23024">
        <ele>2.2</ele>
      </trkpt>
      <trkpt lat="51.07179" lon="4.22986">
        <ele>1.9</ele>
      </trkpt>
      <trkpt lat="51.0719" lon="4.2298">
        <ele>1.9</ele>
      </trkpt>
      <trkpt lat="51.07243" lon="4.22979">
        <ele>1.5</ele>
      </trkpt>
      <trkpt lat="51.07297" lon="4.22977">
        <ele>2.2</ele>
      </trkpt>
      <trkpt lat="51.07364" lon="4.22957">
        <ele>2.3</ele>
      </trkpt>
      <trkpt lat="51.0732" lon="4.2284">
        <ele>2.3</ele>
      </trkpt>
      <trkpt lat="51.07308" lon="4.22816">
        <ele>2.5</ele>
      </trkpt>
      <trkpt lat="51.07265" lon="4.22715">
        <ele>2.8</ele>
      </trkpt>
      <trkpt lat="51.07222" lon="4.22615">
        <ele>3.8</ele>
      </trkpt>
      <trkpt lat="51.0718" lon="4.22514">
        <ele>4.7</ele>
      </trkpt>
      <trkpt lat="51.07132" lon="4.22409">
        <ele>2.5</ele>
      </trkpt>
      <trkpt lat="51.07104" lon="4.22342">
        <ele>1.8</ele>
      </trkpt>
      <trkpt lat="51.07074" lon="4.2227">
        <ele>2.6</ele>
      </trkpt>
      <trkpt lat="51.07044" lon="4.22197">
        <ele>2.5</ele>
      </trkpt>
      <trkpt lat="51.07029" lon="4.22147">
        <ele>2.2</ele>
      </trkpt>
      <trkpt lat="51.07014" lon="4.22069">
        <ele>1.3</ele>
      </trkpt>
      <trkpt lat="51.07007" lon="4.21963">
        <ele>2.0</ele>
      </trkpt>
      <trkpt lat="51.06975" lon="4.21842">
        <ele>3.6</ele>
      </trkpt>
      <trkpt lat="51.06943" lon="4.21721">
        <ele>4.3</ele>
      </trkpt>
      <trkpt lat="51.06911" lon="4.21599">
        <ele>4.0</ele>
      </trkpt>
      <trkpt lat="51.0688" lon="4.21478">
        <ele>4.3</ele>
      </trkpt>
      <trkpt lat="51.06947" lon="4.21452">
        <ele>6.5</ele>
      </trkpt>
      <trkpt lat="51.06956" lon="4.21451">
        <ele>6.7</ele>
      </trkpt>
      <trkpt lat="51.06949" lon="4.21433">
        <ele>7.2</ele>
      </trkpt>
      <trkpt lat="51.06949" lon="4.21434">
        <ele>7.2</ele>
      </trkpt>
      <trkpt lat="51.06919" lon="4.21361">
        <ele>8.4</ele>
      </trkpt>
      <trkpt lat="51.0689" lon="4.21289">
        <ele>7.8</ele>
      </trkpt>
      <trkpt lat="51.06844" lon="4.21185">
        <ele>6.4</ele>
      </trkpt>
      <trkpt lat="51.06807" lon="4.21098">
        <ele>5.1</ele>
      </trkpt>
      <trkpt lat="51.0677" lon="4.2101">
        <ele>5.5</ele>
      </trkpt>
      <trkpt lat="51.06734" lon="4.20923">
        <ele>5.8</ele>
      </trkpt>
      <trkpt lat="51.06734" lon="4.20923">
        <ele>5.8</ele>
      </trkpt>
      <trkpt lat="51.06704" lon="4.20853">
        <ele>5.4</ele>
      </trkpt>
      <trkpt lat="51.06696" lon="4.20836">
        <ele>5.4</ele>
      </trkpt>
      <trkpt lat="51.06687" lon="4.20825">
        <ele>5.2</ele>
      </trkpt>
      <trkpt lat="51.06726" lon="4.20818">
        <ele>5.8</ele>
      </trkpt>
      <trkpt lat="51.06738" lon="4.20807">
        <ele>6.1</ele>
      </trkpt>
      <trkpt lat="51.06759" lon="4.20723">
        <ele>6.9</ele>
      </trkpt>
      <trkpt lat="51.06787" lon="4.2064">
        <ele>6.7</ele>
      </trkpt>
      <trkpt lat="51.06835" lon="4.20538">
        <ele>6.0</ele>
      </trkpt>
      <trkpt lat="51.06876" lon="4.20459">
        <ele>5.8</ele>
      </trkpt>
      <trkpt lat="51.06914" lon="4.20367">
        <ele>5.9</ele>
      </trkpt>
      <trkpt lat="51.06933" lon="4.20315">
        <ele>6.3</ele>
      </trkpt>
      <trkpt lat="51.06935" lon="4.20304">
        <ele>6.4</ele>
      </trkpt>
      <trkpt lat="51.06974" lon="4.20256">
        <ele>6.3</ele>
      </trkpt>
      <trkpt lat="51.07028" lon="4.20195">
        <ele>7.2</ele>
      </trkpt>
      <trkpt lat="51.07082" lon="4.20134">
        <ele>7.8</ele>
      </trkpt>
      <trkpt lat="51.07113" lon="4.20116">
        <ele>7.9</ele>
      </trkpt>
      <trkpt lat="51.0712" lon="4.20114">
        <ele>8.0</ele>
      </trkpt>
      <trkpt lat="51.0715" lon="4.20115">
        <ele>8.7</ele>
      </trkpt>
      <trkpt lat="51.0721" lon="4.20137">
        <ele>7.7</ele>
      </trkpt>
      <trkpt lat="51.07242" lon="4.20158">
        <ele>6.4</ele>
      </trkpt>
      <trkpt lat="51.07267" lon="4.20184">
        <ele>5.8</ele>
      </trkpt>
      <trkpt lat="51.07293" lon="4.20206">
        <ele>5.5</ele>
      </trkpt>
      <trkpt lat="51.07351" lon="4.20225">
        <ele>5.4</ele>
      </trkpt>
      <trkpt lat="51.07351" lon="4.20225">
        <ele>5.4</ele>
      </trkpt>
      <trkpt lat="51.07362" lon="4.20229">
        <ele>5.7</ele>
      </trkpt>
      <trkpt lat="51.07387" lon="4.20232">
        <ele>6.3</ele>
      </trkpt>
      <trkpt lat="51.07414" lon="4.20226">
        <ele>6.9</ele>
      </trkpt>
      <trkpt lat="51.07435" lon="4.20216">
        <ele>7.4</ele>
      </trkpt>
      <trkpt lat="51.07451" lon="4.20198">
        <ele>7.8</ele>
      </trkpt>
      <trkpt lat="51.07454" lon="4.20192">
        <ele>7.9</ele>
      </trkpt>
      <trkpt lat="51.07432" lon="4.20125">
        <ele>7.2</ele>
      </trkpt>
      <trkpt lat="51.07396" lon="4.20049">
        <ele>6.5</ele>
      </trkpt>
      <trkpt lat="51.07382" lon="4.20029">
        <ele>6.2</ele>
      </trkpt>
      <trkpt lat="51.07343" lon="4.19986">
        <ele>5.1</ele>
      </trkpt>
      <trkpt lat="51.07305" lon="4.19943">
        <ele>4.3</ele>
      </trkpt>
      <trkpt lat="51.07291" lon="4.19917">
        <ele>4.0</ele>
      </trkpt>
      <trkpt lat="51.07272" lon="4.19896">
        <ele>4.0</ele>
      </trkpt>
      <trkpt lat="51.07244" lon="4.19852">
        <ele>3.9</ele>
      </trkpt>
      <trkpt lat="51.07214" lon="4.19797">
        <ele>3.8</ele>
      </trkpt>
      <trkpt lat="51.07185" lon="4.19743">
        <ele>3.4</ele>
      </trkpt>
      <trkpt lat="51.07147" lon="4.19682">
        <ele>3.0</ele>
      </trkpt>
      <trkpt lat="51.07091" lon="4.19598">
        <ele>3.0</ele>
      </trkpt>
      <trkpt lat="51.07035" lon="4.19514">
        <ele>3.0</ele>
      </trkpt>
      <trkpt lat="51.07014" lon="4.19468">
        <ele>3.1</ele>
      </trkpt>
      <trkpt lat="51.06968" lon="4.193488">
        <ele>3.0</ele>
      </trkpt>
      <trkpt lat="51.06956" lon="4.19325">
        <ele>3.0</ele>
      </trkpt>
      <trkpt lat="51.06945" lon="4.19317">
        <ele>2.9</ele>
      </trkpt>
      <trkpt lat="51.06961" lon="4.19244">
        <ele>2.5</ele>
      </trkpt>
      <trkpt lat="51.06926" lon="4.19222">
        <ele>2.9</ele>
      </trkpt>
      <trkpt lat="51.06922" lon="4.19214">
        <ele>2.9</ele>
      </trkpt>
      <trkpt lat="51.06922" lon="4.19183">
        <ele>2.9</ele>
      </trkpt>
      <trkpt lat="51.06925" lon="4.19141">
        <ele>2.9</ele>
      </trkpt>
      <trkpt lat="51.06921" lon="4.1913">
        <ele>2.9</ele>
      </trkpt>
      <trkpt lat="51.06921" lon="4.191169">
        <ele>2.9</ele>
      </trkpt>
      <trkpt lat="51.06932" lon="4.19075">
        <ele>2.6</ele>
      </trkpt>
      <trkpt lat="51.06937" lon="4.19032">
        <ele>2.5</ele>
      </trkpt>
      <trkpt lat="51.06951" lon="4.18954">
        <ele>1.3</ele>
      </trkpt>
      <trkpt lat="51.06978" lon="4.18964">
        <ele>1.0</ele>
      </trkpt>
      <trkpt lat="51.06978" lon="4.18964">
        <ele>1.0</ele>
      </trkpt>
      <trkpt lat="51.07051" lon="4.18989">
        <ele>1.5</ele>
      </trkpt>
      <trkpt lat="51.07124" lon="4.19014">
        <ele>2.3</ele>
      </trkpt>
      <trkpt lat="51.07197" lon="4.19039">
        <ele>2.3</ele>
      </trkpt>
      <trkpt lat="51.07269" lon="4.19064">
        <ele>1.4</ele>
      </trkpt>
      <trkpt lat="51.07342" lon="4.190889">
        <ele>2.1</ele>
      </trkpt>
      <trkpt lat="51.07409" lon="4.191048">
        <ele>2.8</ele>
      </trkpt>
      <trkpt lat="51.07475" lon="4.19122">
        <ele>3.4</ele>
      </trkpt>
      <trkpt lat="51.07542" lon="4.191379">
        <ele>3.6</ele>
      </trkpt>
      <trkpt lat="51.07545" lon="4.19142">
        <ele>3.7</ele>
      </trkpt>
      <trkpt lat="51.07553" lon="4.19165">
        <ele>4.3</ele>
      </trkpt>
      <trkpt lat="51.07558" lon="4.19176">
        <ele>4.4</ele>
      </trkpt>
      <trkpt lat="51.07575" lon="4.19189">
        <ele>4.3</ele>
      </trkpt>
      <trkpt lat="51.07581" lon="4.1919">
        <ele>4.3</ele>
      </trkpt>
      <trkpt lat="51.07591" lon="4.191868">
        <ele>4.1</ele>
      </trkpt>
      <trkpt lat="51.07619" lon="4.19158">
        <ele>3.0</ele>
      </trkpt>
      <trkpt lat="51.07619" lon="4.19158">
        <ele>3.0</ele>
      </trkpt>
      <trkpt lat="51.07619" lon="4.19158">
        <ele>3.0</ele>
      </trkpt>
      <trkpt lat="51.07631" lon="4.19147">
        <ele>2.5</ele>
      </trkpt>
      <trkpt lat="51.07637" lon="4.19161">
        <ele>2.6</ele>
      </trkpt>
      <trkpt lat="51.07701" lon="4.19251">
        <ele>3.6</ele>
      </trkpt>
      <trkpt lat="51.07766" lon="4.19341">
        <ele>4.4</ele>
      </trkpt>
      <trkpt lat="51.0783" lon="4.19431">
        <ele>3.4</ele>
      </trkpt>
      <trkpt lat="51.0784" lon="4.1945">
        <ele>3.8</ele>
      </trkpt>
      <trkpt lat="51.07878" lon="4.19557">
        <ele>4.5</ele>
      </trkpt>
      <trkpt lat="51.07916" lon="4.19664">
        <ele>5.0</ele>
      </trkpt>
      <trkpt lat="51.07924" lon="4.19738">
        <ele>5.0</ele>
      </trkpt>
      <trkpt lat="51.07933" lon="4.19864">
        <ele>5.2</ele>
      </trkpt>
      <trkpt lat="51.07929" lon="4.19883">
        <ele>5.4</ele>
      </trkpt>
      <trkpt lat="51.07929" lon="4.19883">
        <ele>5.4</ele>
      </trkpt>
      <trkpt lat="51.07929" lon="4.19883">
        <ele>5.4</ele>
      </trkpt>
      <trkpt lat="51.07927" lon="4.19887">
        <ele>5.5</ele>
      </trkpt>
      <trkpt lat="51.07932" lon="4.19898">
        <ele>5.6</ele>
      </trkpt>
      <trkpt lat="51.07936" lon="4.1991">
        <ele>5.7</ele>
      </trkpt>
      <trkpt lat="51.07942" lon="4.19911">
        <ele>5.6</ele>
      </trkpt>
      <trkpt lat="51.07948" lon="4.19916">
        <ele>5.6</ele>
      </trkpt>
      <trkpt lat="51.08002" lon="4.1999">
        <ele>6.7</ele>
      </trkpt>
      <trkpt lat="51.08061" lon="4.20074">
        <ele>5.5</ele>
      </trkpt>
      <trkpt lat="51.0812" lon="4.20158">
        <ele>6.0</ele>
      </trkpt>
      <trkpt lat="51.081316" lon="4.201346">
        <ele>6.1</ele>
      </trkpt>
      <trkpt lat="51.081459" lon="4.20156">
        <ele>6.1</ele>
      </trkpt>
      <trkpt lat="51.081341" lon="4.201778">
        <ele>6.0</ele>
      </trkpt>
      <trkpt lat="51.08134" lon="4.20178">
        <ele>6.0</ele>
      </trkpt>
      <trkpt lat="51.08149" lon="4.20198">
        <ele>6.0</ele>
      </trkpt>
      <trkpt lat="51.08149" lon="4.20198">
        <ele>6.0</ele>
      </trkpt>
      <trkpt lat="51.08155" lon="4.20207">
        <ele>6.0</ele>
      </trkpt>
      <trkpt lat="51.08164" lon="4.20215">
        <ele>6.0</ele>
      </trkpt>
      <trkpt lat="51.0822" lon="4.20295">
        <ele>6.5</ele>
      </trkpt>
      <trkpt lat="51.08226" lon="4.20307">
        <ele>6.7</ele>
      </trkpt>
      <trkpt lat="51.08242" lon="4.20323">
        <ele>6.9</ele>
      </trkpt>
      <trkpt lat="51.08316" lon="4.20367">
        <ele>5.9</ele>
      </trkpt>
      <trkpt lat="51.08316" lon="4.20367">
        <ele>5.9</ele>
      </trkpt>
      <trkpt lat="51.08316" lon="4.20367">
        <ele>5.9</ele>
      </trkpt>
      <trkpt lat="51.08321" lon="4.20369">
        <ele>5.8</ele>
      </trkpt>
      <trkpt lat="51.08405" lon="4.20382">
        <ele>4.2</ele>
      </trkpt>
      <trkpt lat="51.08425" lon="4.2039">
        <ele>4.0</ele>
      </trkpt>
      <trkpt lat="51.08464" lon="4.20408">
        <ele>4.0</ele>
      </trkpt>
      <trkpt lat="51.08504" lon="4.20424">
        <ele>4.1</ele>
      </trkpt>
      <trkpt lat="51.08512" lon="4.20424">
        <ele>4.2</ele>
      </trkpt>
      <trkpt lat="51.0852" lon="4.20421">
        <ele>4.3</ele>
      </trkpt>
      <trkpt lat="51.08566" lon="4.20394">
        <ele>4.8</ele>
      </trkpt>
      <trkpt lat="51.08612" lon="4.20366">
        <ele>4.7</ele>
      </trkpt>
      <trkpt lat="51.08619" lon="4.20366">
        <ele>4.6</ele>
      </trkpt>
      <trkpt lat="51.08632" lon="4.20368">
        <ele>4.4</ele>
      </trkpt>
      <trkpt lat="51.0864" lon="4.20373">
        <ele>4.3</ele>
      </trkpt>
      <trkpt lat="51.08648" lon="4.20382">
        <ele>4.2</ele>
      </trkpt>
      <trkpt lat="51.08656" lon="4.20395">
        <ele>4.1</ele>
      </trkpt>
      <trkpt lat="51.08694" lon="4.20452">
        <ele>4.4</ele>
      </trkpt>
      <trkpt lat="51.08694" lon="4.20452">
        <ele>4.4</ele>
      </trkpt>
      <trkpt lat="51.08739" lon="4.20512">
        <ele>5.0</ele>
      </trkpt>
      <trkpt lat="51.08755" lon="4.20522">
        <ele>5.4</ele>
      </trkpt>
      <trkpt lat="51.08772" lon="4.20525">
        <ele>6.8</ele>
      </trkpt>
      <trkpt lat="51.08786" lon="4.20526">
        <ele>7.9</ele>
      </trkpt>
      <trkpt lat="51.088" lon="4.20522">
        <ele>9.0</ele>
      </trkpt>
      <trkpt lat="51.08821" lon="4.20503">
        <ele>10.9</ele>
      </trkpt>
      <trkpt lat="51.08894" lon="4.20422">
        <ele>6.7</ele>
      </trkpt>
      <trkpt lat="51.089" lon="4.20417">
        <ele>6.4</ele>
      </trkpt>
      <trkpt lat="51.08908" lon="4.20414">
        <ele>6.1</ele>
      </trkpt>
      <trkpt lat="51.08916" lon="4.20414">
        <ele>6.0</ele>
      </trkpt>
      <trkpt lat="51.08948" lon="4.20429">
        <ele>5.8</ele>
      </trkpt>
      <trkpt lat="51.09" lon="4.20455">
        <ele>5.0</ele>
      </trkpt>
      <trkpt lat="51.09053" lon="4.20482">
        <ele>5.1</ele>
      </trkpt>
      <trkpt lat="51.09076" lon="4.20492">
        <ele>5.1</ele>
      </trkpt>
      <trkpt lat="51.09089" lon="4.20499">
        <ele>4.9</ele>
      </trkpt>
      <trkpt lat="51.09132" lon="4.20515">
        <ele>4.4</ele>
      </trkpt>
      <trkpt lat="51.09153" lon="4.20524">
        <ele>4.2</ele>
      </trkpt>
      <trkpt lat="51.09212" lon="4.20548">
        <ele>3.0</ele>
      </trkpt>
      <trkpt lat="51.0927" lon="4.20571">
        <ele>3.0</ele>
      </trkpt>
      <trkpt lat="51.09282" lon="4.20585">
        <ele>3.4</ele>
      </trkpt>
      <trkpt lat="51.09288" lon="4.20594">
        <ele>3.8</ele>
      </trkpt>
      <trkpt lat="51.09329" lon="4.20653">
        <ele>5.7</ele>
      </trkpt>
      <trkpt lat="51.0937" lon="4.20711">
        <ele>6.4</ele>
      </trkpt>
      <trkpt lat="51.09375" lon="4.20716">
        <ele>6.5</ele>
      </trkpt>
      <trkpt lat="51.09381" lon="4.20716">
        <ele>6.6</ele>
      </trkpt>
      <trkpt lat="51.09387" lon="4.20714">
        <ele>6.6</ele>
      </trkpt>
      <trkpt lat="51.094" lon="4.20707">
        <ele>6.8</ele>
      </trkpt>
      <trkpt lat="51.09411" lon="4.20703">
        <ele>6.9</ele>
      </trkpt>
      <trkpt lat="51.09423" lon="4.20704">
        <ele>6.7</ele>
      </trkpt>
      <trkpt lat="51.09434" lon="4.20708">
        <ele>6.3</ele>
      </trkpt>
      <trkpt lat="51.09489" lon="4.20775">
        <ele>3.2</ele>
      </trkpt>
      <trkpt lat="51.09544" lon="4.20842">
        <ele>2.5</ele>
      </trkpt>
      <trkpt lat="51.09549" lon="4.20851">
        <ele>2.5</ele>
      </trkpt>
      <trkpt lat="51.09551" lon="4.20858">
        <ele>2.4</ele>
      </trkpt>
      <trkpt lat="51.09551" lon="4.20874">
        <ele>2.3</ele>
      </trkpt>
      <trkpt lat="51.0955" lon="4.20882">
        <ele>2.2</ele>
      </trkpt>
      <trkpt lat="51.09544" lon="4.20899">
        <ele>2.1</ele>
      </trkpt>
      <trkpt lat="51.09502" lon="4.20977">
        <ele>2.7</ele>
      </trkpt>
      <trkpt lat="51.09502" lon="4.20977">
        <ele>2.7</ele>
      </trkpt>
      <trkpt lat="51.09459" lon="4.21059">
        <ele>4.1</ele>
      </trkpt>
      <trkpt lat="51.09416" lon="4.21141">
        <ele>4.3</ele>
      </trkpt>
      <trkpt lat="51.09414" lon="4.21157">
        <ele>4.1</ele>
      </trkpt>
      <trkpt lat="51.09415" lon="4.21171">
        <ele>4.0</ele>
      </trkpt>
      <trkpt lat="51.09428" lon="4.21229">
        <ele>4.0</ele>
      </trkpt>
      <trkpt lat="51.09428" lon="4.2124">
        <ele>4.0</ele>
      </trkpt>
      <trkpt lat="51.09427" lon="4.21253">
        <ele>4.0</ele>
      </trkpt>
      <trkpt lat="51.09406" lon="4.21328">
        <ele>4.2</ele>
      </trkpt>
      <trkpt lat="51.09398" lon="4.21364">
        <ele>4.7</ele>
      </trkpt>
      <trkpt lat="51.09374" lon="4.21498">
        <ele>5.5</ele>
      </trkpt>
      <trkpt lat="51.09367" lon="4.21529">
        <ele>5.1</ele>
      </trkpt>
      <trkpt lat="51.09357" lon="4.21552">
        <ele>4.9</ele>
      </trkpt>
      <trkpt lat="51.09348" lon="4.21565">
        <ele>4.9</ele>
      </trkpt>
      <trkpt lat="51.09321" lon="4.2159">
        <ele>5.1</ele>
      </trkpt>
      <trkpt lat="51.09302" lon="4.21613">
        <ele>5.0</ele>
      </trkpt>
      <trkpt lat="51.09292" lon="4.21633">
        <ele>4.9</ele>
      </trkpt>
      <trkpt lat="51.09291" lon="4.21645">
        <ele>4.8</ele>
      </trkpt>
      <trkpt lat="51.09302" lon="4.21749">
        <ele>4.4</ele>
      </trkpt>
      <trkpt lat="51.09304" lon="4.21782">
        <ele>4.4</ele>
      </trkpt>
      <trkpt lat="51.09304" lon="4.21825">
        <ele>4.4</ele>
      </trkpt>
      <trkpt lat="51.09303" lon="4.21951">
        <ele>4.8</ele>
      </trkpt>
      <trkpt lat="51.09303" lon="4.22011">
        <ele>5.4</ele>
      </trkpt>
      <trkpt lat="51.09306" lon="4.2211">
        <ele>5.1</ele>
      </trkpt>
      <trkpt lat="51.09313" lon="4.22218">
        <ele>4.5</ele>
      </trkpt>
      <trkpt lat="51.09315" lon="4.22242">
        <ele>4.4</ele>
      </trkpt>
      <trkpt lat="51.09321" lon="4.22269">
        <ele>4.5</ele>
      </trkpt>
      <trkpt lat="51.09347" lon="4.22355">
        <ele>4.5</ele>
      </trkpt>
      <trkpt lat="51.09373" lon="4.22442">
        <ele>3.9</ele>
      </trkpt>
      <trkpt lat="51.09399" lon="4.22529">
        <ele>3.6</ele>
      </trkpt>
      <trkpt lat="51.09407" lon="4.2254">
        <ele>3.3</ele>
      </trkpt>
      <trkpt lat="51.09415" lon="4.22545">
        <ele>3.1</ele>
      </trkpt>
      <trkpt lat="51.09424" lon="4.22549">
        <ele>2.7</ele>
      </trkpt>
      <trkpt lat="51.09428" lon="4.22555">
        <ele>2.6</ele>
      </trkpt>
      <trkpt lat="51.09429" lon="4.22558">
        <ele>2.6</ele>
      </trkpt>
      <trkpt lat="51.09433" lon="4.22576">
        <ele>2.4</ele>
      </trkpt>
      <trkpt lat="51.09437" lon="4.22602">
        <ele>2.5</ele>
      </trkpt>
      <trkpt lat="51.09436" lon="4.22616">
        <ele>2.7</ele>
      </trkpt>
      <trkpt lat="51.09432" lon="4.22633">
        <ele>3.0</ele>
      </trkpt>
      <trkpt lat="51.09432" lon="4.22641">
        <ele>3.1</ele>
      </trkpt>
      <trkpt lat="51.09436" lon="4.22654">
        <ele>3.2</ele>
      </trkpt>
      <trkpt lat="51.09463" lon="4.22735">
        <ele>2.3</ele>
      </trkpt>
      <trkpt lat="51.09484" lon="4.22785">
        <ele>1.8</ele>
      </trkpt>
      <trkpt lat="51.09512" lon="4.22843">
        <ele>2.6</ele>
      </trkpt>
      <trkpt lat="51.09525" lon="4.22865">
        <ele>3.6</ele>
      </trkpt>
      <trkpt lat="51.09535" lon="4.22879">
        <ele>4.2</ele>
      </trkpt>
      <trkpt lat="51.09548" lon="4.22889">
        <ele>4.5</ele>
      </trkpt>
      <trkpt lat="51.09561" lon="4.22897">
        <ele>4.7</ele>
      </trkpt>
      <trkpt lat="51.09573" lon="4.22909">
        <ele>4.9</ele>
      </trkpt>
      <trkpt lat="51.09581" lon="4.22918">
        <ele>5.1</ele>
      </trkpt>
      <trkpt lat="51.09589" lon="4.22934">
        <ele>5.2</ele>
      </trkpt>
      <trkpt lat="51.09596" lon="4.22949">
        <ele>5.3</ele>
      </trkpt>
      <trkpt lat="51.09602" lon="4.22969">
        <ele>5.4</ele>
      </trkpt>
      <trkpt lat="51.0961" lon="4.23024">
        <ele>6.0</ele>
      </trkpt>
      <trkpt lat="51.09611" lon="4.23045">
        <ele>6.2</ele>
      </trkpt>
      <trkpt lat="51.09609" lon="4.23069">
        <ele>6.6</ele>
      </trkpt>
      <trkpt lat="51.09597" lon="4.23162">
        <ele>8.3</ele>
      </trkpt>
      <trkpt lat="51.09585" lon="4.23256">
        <ele>8.9</ele>
      </trkpt>
      <trkpt lat="51.09592" lon="4.2326">
        <ele>8.7</ele>
      </trkpt>
      <trkpt lat="51.09596" lon="4.23268">
        <ele>8.6</ele>
      </trkpt>
      <trkpt lat="51.09597" lon="4.23279">
        <ele>8.6</ele>
      </trkpt>
      <trkpt lat="51.09637" lon="4.23295">
        <ele>7.8</ele>
      </trkpt>
      <trkpt lat="51.09716" lon="4.23337">
        <ele>8.0</ele>
      </trkpt>
      <trkpt lat="51.09778" lon="4.2336">
        <ele>8.0</ele>
      </trkpt>
      <trkpt lat="51.09841" lon="4.23379">
        <ele>7.9</ele>
      </trkpt>
      <trkpt lat="51.09899" lon="4.23399">
        <ele>7.0</ele>
      </trkpt>
      <trkpt lat="51.09958" lon="4.2342">
        <ele>6.1</ele>
      </trkpt>
      <trkpt lat="51.09957" lon="4.23442">
        <ele>6.5</ele>
      </trkpt>
      <trkpt lat="51.09952" lon="4.23476">
        <ele>7.3</ele>
      </trkpt>
      <trkpt lat="51.09972" lon="4.23481">
        <ele>6.7</ele>
      </trkpt>
      <trkpt lat="51.09969" lon="4.23508">
        <ele>7.1</ele>
      </trkpt>
    </trkseg>
  </trk>
</gpx>
